timestamp,agv_id,battery_voltage_v,battery_current_a,battery_temp_c,battery_soh,battery_charge_cycles,nav_position_x_m,nav_position_y_m,nav_heading_error_deg,nav_localization_conf,nav_path_deviation_m,drive_motor_current_a,drive_speed_ms,drive_vib_rms_g,drive_encoder_count,mech_bearing_vib_g,mech_bearing_temp_c,mech_brake_resp_ms,mech_wheel_diam_mm,safety_estop_resp_ms,safety_lidar_return_rate,safety_camera_fps,safety_bumper_sens_n
2026-08-13 06:00:00,AGV-010,25.476,4.938,24.34,0.9311,180,13.244,23.009,0.442,0.9314,0.0241,12.332,1.141,0.132,107,0.5,43.15,98.7,201.27,28.5,0.9689,30.7,5.31
2026-08-13 06:00:05,AGV-010,23.083,2.571,21.12,0.9311,180,14.283,23.359,-0.4,0.9408,0.0195,11.96,1.195,0.2193,223,0.0,43.67,108.3,200.227,27.2,0.9696,30.5,4.38
2026-08-13 06:00:10,AGV-010,23.577,1.247,28.11,0.9311,180,15.365,23.675,0.348,0.9653,0.0226,13.357,1.265,0.1756,337,0.36142,43.44,98.2,200.379,33.1,0.9739,30.2,4.77
2026-08-13 06:00:15,AGV-010,24.432,4.503,26.91,0.9311,180,16.484,23.958,0.582,0.951,0.0231,12.631,1.342,0.1402,433,0.41467,41.86,98.6,200.305,30.2,0.9727,30.4,4.99
2026-08-13 06:00:20,AGV-010,22.227,2.963,25.06,0.9311,180,17.638,24.205,0.557,0.9816,0.0176,11.195,1.354,0.1532,522,0.22771,44.94,101.6,199.94,31.1,0.9847,29.5,4.65
2026-08-13 06:00:25,AGV-010,23.722,1.114,25.58,0.9311,180,18.82,24.415,0.185,0.9306,0.0192,11.155,1.135,0.1242,605,0.5,47.6,97.1,199.5,31.1,0.9818,30.3,4.93
2026-08-13 06:00:30,AGV-010,23.619,0.406,20.67,0.9311,180,20.026,24.589,-0.045,0.9308,0.0233,12.656,1.125,0.1768,723,0.5,43.99,96.3,199.89,29.4,0.9743,29.5,5.06
2026-08-13 06:00:35,AGV-010,24.09,3.496,22.11,0.9311,180,21.252,24.725,-0.676,0.9463,0.0227,9.306,1.062,0.0454,840,0.40507,42.6,100.2,199.521,29.0,0.9673,30.3,5.47
2026-08-13 06:00:40,AGV-010,24.129,2.832,22.4,0.9311,180,22.493,24.822,0.6,0.9396,0.0,10.311,1.282,0.1284,959,0.5,50.85,107.7,199.239,26.8,0.9836,30.9,5.22
2026-08-13 06:00:45,AGV-010,23.843,3.182,19.92,0.9311,180,23.744,24.88,-0.725,0.9343,0.0193,11.724,1.218,0.1133,1071,0.03022,43.83,100.7,201.043,33.6,0.9869,30.5,5.22
2026-08-13 06:00:50,AGV-010,24.208,3.224,22.65,0.9311,180,25.0,24.9,-0.077,0.952,0.028,11.803,1.342,0.1719,1160,0.12711,47.19,99.7,200.406,31.2,0.9547,30.5,5.02
2026-08-13 06:00:55,AGV-010,26.196,2.659,29.61,0.9311,180,26.256,24.88,0.548,0.9527,0.0128,13.486,1.218,0.1445,1270,0.14695,45.01,101.6,200.05,35.4,0.9693,29.5,4.48
2026-08-13 06:01:00,AGV-010,27.274,3.443,23.93,0.9311,180,27.507,24.822,-0.495,0.9251,0.0246,9.879,1.144,0.0919,1387,0.5,48.23,112.7,200.033,33.1,0.9683,30.0,4.78
2026-08-13 06:01:05,AGV-010,25.031,3.955,27.66,0.9311,180,28.748,24.725,0.0,0.9384,0.0302,11.331,1.195,0.1406,1498,0.47128,44.85,92.1,200.304,36.8,0.9605,30.2,4.51
2026-08-13 06:01:10,AGV-010,24.024,2.65,27.49,0.9311,180,29.974,24.589,-0.785,0.9646,0.0209,11.989,1.178,0.1433,1592,0.0,44.85,105.4,199.935,31.1,0.9652,30.5,5.17
2026-08-13 06:01:15,AGV-010,23.32,3.652,21.17,0.9311,180,31.18,24.415,-0.178,0.9448,0.0212,11.516,1.128,0.1879,1694,0.18293,44.83,106.7,199.688,29.5,0.9664,29.7,5.03
2026-08-13 06:01:20,AGV-010,23.521,3.732,23.74,0.9311,180,32.362,24.205,-0.497,0.9338,0.0064,10.88,1.209,0.1518,1787,0.07038,44.23,98.7,200.676,38.1,0.9808,30.0,5.06
2026-08-13 06:01:25,AGV-010,24.13,4.478,22.6,0.9311,180,33.516,23.958,-0.391,0.943,0.0191,11.046,1.113,0.142,1893,0.5,45.19,109.8,199.537,36.2,0.9563,30.8,5.15
2026-08-13 06:01:30,AGV-010,25.796,0.0,26.09,0.9311,180,34.635,23.675,0.288,0.9257,0.025,12.379,1.339,0.1448,2009,0.0,42.69,107.5,200.587,27.3,0.9726,30.1,4.86
2026-08-13 06:01:35,AGV-010,23.167,2.228,24.88,0.9311,180,35.717,23.359,0.333,0.9857,0.0156,11.592,1.028,0.0744,2090,0.31314,46.49,106.7,200.006,34.4,0.9624,28.9,4.61
2026-08-13 06:01:40,AGV-010,24.853,3.7,28.02,0.9311,180,36.756,23.009,-0.284,0.9678,0.0161,11.434,1.32,0.1184,2193,0.0,53.14,89.8,200.12,35.3,0.9825,29.5,4.87
2026-08-13 06:01:45,AGV-010,23.78,6.017,24.19,0.9311,180,37.748,22.628,0.14,0.9992,0.0252,10.233,1.15,0.0838,2285,0.38555,42.2,95.7,199.817,32.7,0.9712,29.7,5.14
2026-08-13 06:01:50,AGV-010,25.585,4.645,25.81,0.9311,180,38.691,22.217,-0.227,0.952,0.0236,15.431,0.91,0.2035,2392,0.5,45.95,94.7,199.417,29.7,0.9796,29.5,4.49
2026-08-13 06:01:55,AGV-010,23.957,4.677,21.96,0.9311,180,39.579,21.777,-0.174,0.943,0.0247,12.219,1.02,0.1285,2489,0.0,45.05,105.8,199.623,33.1,0.9711,30.2,5.06
2026-08-13 06:02:00,AGV-010,23.49,6.859,19.8,0.9311,180,40.41,21.31,-0.574,0.9328,0.0043,14.366,1.193,0.1624,2585,0.5,41.6,107.2,200.142,34.4,0.9539,30.6,4.64
2026-08-13 06:02:05,AGV-010,23.571,2.745,25.41,0.9311,180,41.18,20.819,-0.257,0.9592,0.0242,11.579,1.158,0.1123,2674,0.23422,47.34,98.0,199.556,31.9,0.9649,30.7,5.18
2026-08-13 06:02:10,AGV-010,26.525,5.98,24.03,0.9311,180,41.887,20.305,-0.982,0.941,0.004,12.183,1.241,0.1311,2774,0.31181,43.67,98.0,199.562,36.3,0.9874,30.7,4.62
2026-08-13 06:02:15,AGV-010,24.353,3.898,25.1,0.9311,180,42.526,19.769,1.057,0.9308,0.0173,12.763,1.157,0.1328,2874,0.5,42.94,117.8,200.351,29.5,0.9759,29.7,5.24
2026-08-13 06:02:20,AGV-010,25.738,1.403,27.36,0.9311,180,43.097,19.215,0.605,0.9765,0.0394,11.818,1.258,0.1585,2984,0.0,49.1,101.6,200.193,35.0,0.9902,29.9,4.58
2026-08-13 06:02:25,AGV-010,24.833,0.308,24.53,0.9311,180,43.596,18.644,1.229,0.9508,0.0257,12.182,1.201,0.1381,3075,0.00068,43.98,103.7,199.34,40.5,0.9855,30.0,4.72
2026-08-13 06:02:30,AGV-010,25.146,2.533,25.82,0.9311,180,44.021,18.059,0.57,0.9552,0.0233,12.355,1.265,0.123,3161,0.0,48.5,98.1,200.581,36.6,0.964,31.5,5.2
2026-08-13 06:02:35,AGV-010,23.952,3.865,26.33,0.9311,180,44.372,17.462,0.158,0.9544,0.0116,11.676,1.287,0.0808,3248,0.5,46.62,110.7,200.625,39.3,0.957,30.2,4.95
2026-08-13 06:02:40,AGV-010,24.27,2.475,23.26,0.9311,180,44.646,16.855,-1.089,0.9583,0.0354,11.85,1.251,0.2094,3367,0.5,45.29,103.3,199.861,34.7,0.9813,30.0,4.41
2026-08-13 06:02:45,AGV-010,23.118,3.05,22.07,0.9311,180,44.842,16.241,0.525,0.915,0.0231,13.552,1.17,0.1268,3469,0.5,46.91,101.5,199.135,35.9,0.9805,29.6,5.21
2026-08-13 06:02:50,AGV-010,23.182,5.749,28.84,0.9311,180,44.961,15.622,0.68,0.927,0.0,10.545,1.342,0.1307,3581,0.5,47.36,101.8,199.289,34.2,0.9704,30.6,4.36
2026-08-13 06:02:55,AGV-010,24.117,2.942,24.66,0.9311,180,45.0,15.0,-0.563,0.9868,0.0132,14.617,1.193,0.125,3682,0.5,44.47,96.7,199.709,34.4,0.9555,29.4,4.95
2026-08-13 06:03:00,AGV-010,23.991,5.82,24.4,0.9311,180,44.961,14.378,0.286,0.9491,0.0227,12.877,1.127,0.1844,3772,0.0,43.9,92.5,200.587,37.3,0.9647,30.2,5.62
2026-08-13 06:03:05,AGV-010,24.227,4.034,21.07,0.9311,180,44.842,13.759,0.083,0.9583,0.0177,11.571,1.157,0.1224,3870,0.07164,47.57,100.1,200.067,33.1,0.9718,30.0,5.02
2026-08-13 06:03:10,AGV-010,25.342,4.472,24.29,0.9311,180,44.646,13.145,-0.028,0.9659,0.0308,13.367,1.239,0.1278,3978,0.22955,53.34,112.4,199.382,38.6,0.9778,29.9,4.9
2026-08-13 06:03:15,AGV-010,26.659,2.535,24.49,0.9311,180,44.372,12.538,0.282,0.9425,0.0087,13.269,1.3,0.1486,4090,0.37498,40.14,97.7,200.724,37.7,0.9601,31.0,4.98
2026-08-13 06:03:20,AGV-010,23.197,2.763,21.19,0.9311,180,44.021,11.941,0.241,0.9286,0.0217,12.502,1.267,0.1789,4170,0.0,41.66,108.5,199.97,32.8,0.9804,30.3,4.67
2026-08-13 06:03:25,AGV-010,24.863,2.899,25.58,0.9311,180,43.596,11.356,-0.49,0.9227,0.0137,11.854,1.267,0.1419,4278,0.0,42.11,96.9,200.397,39.5,0.978,30.6,5.05
2026-08-13 06:03:30,AGV-010,23.684,2.742,22.97,0.9311,180,43.097,10.785,0.492,0.9298,0.0216,9.573,1.163,0.1439,4388,0.0,44.03,85.0,199.836,43.1,0.9782,29.4,5.65
2026-08-13 06:03:35,AGV-010,22.384,3.849,17.85,0.9311,180,42.526,10.231,-0.723,0.9362,0.0145,10.973,1.309,0.1389,4499,0.00415,42.08,95.8,199.034,39.6,0.9754,30.6,4.87
2026-08-13 06:03:40,AGV-010,27.272,4.809,22.27,0.9311,180,41.887,9.695,0.25,0.9348,0.0206,12.126,1.201,0.1283,4610,0.16682,46.84,87.0,199.114,31.2,0.9483,30.7,4.76
2026-08-13 06:03:45,AGV-010,24.311,6.567,26.19,0.9311,180,41.18,9.181,0.154,0.9242,0.0351,12.753,1.146,0.1979,4709,0.49736,40.66,106.0,199.576,44.3,0.9732,30.2,5.14
2026-08-13 06:03:50,AGV-010,23.937,1.825,21.29,0.9311,180,40.41,8.69,-0.369,0.9684,0.0042,12.133,1.009,0.1181,4794,0.25582,43.72,85.3,200.148,30.7,0.9662,29.8,5.22
2026-08-13 06:03:55,AGV-010,25.483,2.871,29.99,0.9311,180,39.579,8.223,0.63,0.9795,0.0406,12.649,1.261,0.1544,4903,0.5,43.51,100.7,200.211,32.4,0.9758,29.6,5.03
2026-08-13 06:04:00,AGV-010,27.325,4.365,24.9,0.9311,180,38.691,7.783,-0.94,0.9313,0.0548,11.659,1.141,0.1256,4995,0.5,47.98,94.0,200.927,32.4,0.9541,30.0,4.91
2026-08-13 06:04:05,AGV-010,24.771,2.965,29.51,0.9311,180,37.748,7.372,0.141,0.9158,0.015,12.99,1.091,0.1604,5078,0.1904,44.85,95.0,199.986,37.0,0.9498,29.9,5.17
2026-08-13 06:04:10,AGV-010,27.488,0.93,20.75,0.9311,180,36.756,6.991,0.104,0.9512,0.034,15.279,1.072,0.1408,5183,0.5,40.98,106.9,199.948,32.2,0.976,29.7,4.56
2026-08-13 06:04:15,AGV-010,24.382,4.065,20.47,0.9311,180,35.717,6.641,0.797,0.9803,0.029,12.28,1.289,0.1498,5264,0.27691,45.89,99.1,199.511,31.4,0.9611,30.3,4.85
2026-08-13 06:04:20,AGV-010,25.643,1.668,23.02,0.9311,180,34.635,6.325,0.335,0.9234,0.0277,11.843,1.217,0.1451,5372,0.07455,42.22,99.8,200.455,36.2,0.9487,30.1,4.31
2026-08-13 06:04:25,AGV-010,23.421,3.167,20.32,0.9311,180,33.516,6.042,-1.107,0.9239,0.0124,12.021,1.251,0.1094,5465,0.34437,41.42,99.3,200.722,36.3,0.9594,29.8,4.97
2026-08-13 06:04:30,AGV-010,23.436,5.454,22.45,0.9311,180,32.362,5.795,-0.228,0.9026,0.0105,13.252,1.178,0.1406,5547,0.49278,48.33,96.8,199.683,37.7,0.9684,29.8,4.94
2026-08-13 06:04:35,AGV-010,24.784,3.932,27.81,0.9311,180,31.18,5.585,0.813,0.9552,0.0152,11.975,1.204,0.0879,5662,0.5,43.71,93.6,199.937,40.2,0.9813,29.2,5.32
2026-08-13 06:04:40,AGV-010,26.022,3.819,22.84,0.9311,180,29.974,5.411,-0.077,0.93,0.0157,13.228,1.196,0.1491,5759,0.5,46.47,86.7,200.172,43.3,0.9704,29.9,4.74
2026-08-13 06:04:45,AGV-010,23.807,5.113,19.47,0.9311,180,28.748,5.275,-0.555,0.9676,0.0077,13.412,1.084,0.1272,5842,0.5,43.57,103.1,199.594,39.0,0.9642,29.4,5.31
2026-08-13 06:04:50,AGV-010,25.551,2.687,24.44,0.9311,180,27.507,5.178,-0.025,0.9645,0.0121,14.716,1.282,0.1357,5941,0.0,45.74,102.4,199.109,40.6,0.9674,29.8,4.94
2026-08-13 06:04:55,AGV-010,24.88,3.387,27.12,0.9311,180,26.256,5.12,0.839,0.9799,0.0301,12.728,1.114,0.1432,6032,0.0,49.2,109.2,200.068,38.5,0.9776,30.2,5.19
2026-08-13 06:05:00,AGV-010,24.088,2.606,18.74,0.9311,180,25.0,5.1,-0.424,0.9719,0.0354,12.199,1.146,0.1468,6139,0.5,45.57,103.2,200.285,43.1,0.9755,29.1,5.23
2026-08-13 06:05:05,AGV-010,25.308,4.052,20.1,0.9311,180,23.744,5.12,-0.524,0.9183,0.0109,12.565,1.237,0.0731,6250,0.26827,43.92,96.4,199.531,44.3,0.9772,29.9,5.01
2026-08-13 06:05:10,AGV-010,23.466,0.876,23.79,0.9311,180,22.493,5.178,-0.114,0.9444,0.0444,12.04,1.304,0.1311,6343,0.02675,41.05,98.7,199.989,38.1,0.9875,30.2,5.08
2026-08-13 06:05:15,AGV-010,25.684,1.542,20.5,0.9311,180,21.252,5.275,-0.325,0.9728,0.0056,12.321,1.138,0.1503,6440,0.5,47.67,104.6,201.03,36.0,0.9705,29.2,4.83
2026-08-13 06:05:20,AGV-010,24.156,2.923,23.21,0.9311,180,20.026,5.411,0.369,0.9226,0.0081,14.108,1.276,0.1897,6534,0.24172,46.44,108.8,200.55,38.4,0.9771,29.7,5.36
2026-08-13 06:05:25,AGV-010,25.323,3.778,27.43,0.9311,180,18.82,5.585,-0.176,0.9424,0.0011,11.341,1.233,0.2201,6620,0.27393,45.97,96.8,200.25,39.0,0.9486,29.3,5.81
2026-08-13 06:05:30,AGV-010,24.699,5.729,22.65,0.9311,180,17.638,5.795,0.176,0.9514,0.0019,10.082,1.178,0.2022,6708,0.05398,44.76,108.9,199.729,39.9,0.9718,30.4,4.56
2026-08-13 06:05:35,AGV-010,24.555,1.533,24.85,0.9311,180,16.484,6.042,0.815,0.949,0.0314,12.247,1.192,0.1205,6810,0.0,48.37,99.4,200.313,40.7,0.9565,29.7,5.02
2026-08-13 06:05:40,AGV-010,20.325,2.777,25.03,0.9311,180,15.365,6.325,-0.474,0.9559,0.0152,12.332,1.19,0.1591,6926,0.0,43.69,94.7,199.179,40.2,0.9637,29.7,4.91
2026-08-13 06:05:45,AGV-010,23.756,3.256,21.56,0.9311,180,14.283,6.641,0.518,0.9364,0.0195,13.531,1.223,0.1765,7037,0.05515,46.65,94.9,199.948,37.2,0.9654,30.4,5.13
2026-08-13 06:05:50,AGV-010,23.235,1.148,20.88,0.9311,180,13.244,6.991,0.453,0.9313,0.0164,11.815,1.315,0.1631,7120,0.0,50.45,97.7,199.736,40.4,0.97,29.9,4.52
2026-08-13 06:05:55,AGV-010,25.118,1.75,26.26,0.9311,180,12.252,7.372,-0.621,0.959,0.0066,11.366,1.229,0.1422,7229,0.35313,45.24,99.9,200.373,42.2,0.9642,30.9,4.68
2026-08-13 06:06:00,AGV-010,24.165,0.18,23.77,0.9311,180,11.309,7.783,0.688,0.9464,0.0022,11.123,1.173,0.1523,7328,0.43108,43.99,109.2,198.908,46.0,0.9662,30.3,5.52
2026-08-13 06:06:05,AGV-010,22.412,3.704,24.19,0.9311,180,10.421,8.223,-0.615,0.9923,0.0,11.1,1.155,0.1559,7419,0.5,43.33,115.1,201.253,39.9,0.9765,30.2,5.44
2026-08-13 06:06:10,AGV-010,25.135,1.666,23.55,0.9311,180,9.59,8.69,-0.728,0.9278,0.0163,10.782,1.214,0.1261,7504,0.0049,43.3,98.3,199.777,41.7,0.9709,30.2,4.52
2026-08-13 06:06:15,AGV-010,24.245,4.714,23.31,0.9311,180,8.82,9.181,-0.42,0.9488,0.0232,10.236,1.153,0.1527,7595,0.0,45.11,89.0,200.805,41.6,0.9693,30.7,5.59
2026-08-13 06:06:20,AGV-010,24.375,3.501,24.15,0.9311,180,8.113,9.695,-0.402,0.9235,0.0093,8.75,1.022,0.1078,7676,0.18356,49.96,95.3,200.361,40.6,0.97,28.4,4.78
2026-08-13 06:06:25,AGV-010,25.007,2.585,20.71,0.9311,180,7.474,10.231,-0.173,0.9573,0.0,13.263,1.315,0.2165,7774,0.0,46.3,97.6,200.16,40.8,0.9677,30.3,5.25
2026-08-13 06:06:30,AGV-010,24.755,1.748,24.67,0.9311,180,6.903,10.785,-0.554,0.9458,0.0278,12.325,1.187,0.1347,7881,0.30898,45.61,102.2,200.118,36.8,0.9799,29.6,4.97
2026-08-13 06:06:35,AGV-010,26.897,3.449,21.02,0.9311,180,6.404,11.356,0.284,0.9605,0.0292,15.178,1.182,0.1627,7976,0.5,45.44,85.7,200.037,43.9,0.9691,29.4,5.08
2026-08-13 06:06:40,AGV-010,25.555,2.491,29.75,0.9311,180,5.979,11.941,-0.065,0.9357,0.0044,9.814,1.335,0.1534,8062,0.09911,40.35,108.5,199.757,44.8,0.9926,29.9,5.05
2026-08-13 06:06:45,AGV-010,24.532,3.682,25.25,0.9311,180,5.628,12.538,0.092,0.9132,0.0064,14.956,1.149,0.1504,8157,0.29008,44.71,92.8,200.21,41.7,0.9746,30.0,5.29
2026-08-13 06:06:50,AGV-010,24.849,4.605,24.39,0.9311,180,5.354,13.145,0.339,0.9755,0.0262,11.788,1.243,0.1651,8260,0.0,42.22,102.5,199.898,44.6,0.9775,29.1,4.85
2026-08-13 06:06:55,AGV-010,24.184,1.734,20.85,0.9311,180,5.158,13.759,0.762,0.968,0.0,9.633,1.2,0.1806,8364,0.15796,49.52,99.0,200.273,38.0,0.9668,29.4,5.57
2026-08-13 06:07:00,AGV-010,23.855,2.223,26.54,0.9311,180,5.039,14.378,-0.217,0.9689,0.0046,9.0,1.234,0.15,8468,0.5,42.38,94.7,200.205,47.8,0.9755,29.3,5.34
2026-08-13 06:07:05,AGV-010,25.521,4.792,22.4,0.9311,180,5.0,15.0,-0.307,0.9678,0.033,11.211,1.14,0.1715,8555,0.5,41.0,110.7,199.799,41.2,0.9802,29.6,4.9
2026-08-13 06:07:10,AGV-010,26.413,4.959,25.23,0.9311,180,5.039,15.622,0.4,0.952,0.0131,13.368,1.29,0.1616,8674,0.0,39.83,96.4,199.748,42.9,0.9721,30.3,5.02
2026-08-13 06:07:15,AGV-010,24.246,1.425,21.89,0.9311,180,5.158,16.241,0.627,0.9622,0.0188,12.412,1.378,0.1087,8779,0.0,42.68,92.4,200.133,46.6,0.9661,29.8,5.05
2026-08-13 06:07:20,AGV-010,25.111,1.615,18.62,0.9311,180,5.354,16.855,0.04,0.9319,0.0066,11.457,1.106,0.1483,8876,0.30935,36.29,104.3,200.21,39.7,0.9809,30.1,4.89
2026-08-13 06:07:25,AGV-010,23.342,1.599,27.69,0.9311,180,5.628,17.462,0.035,0.9417,0.0299,13.709,1.276,0.141,8989,0.5,45.56,107.1,199.753,42.7,0.9896,29.6,4.91
2026-08-13 06:07:30,AGV-010,25.235,3.23,25.16,0.9311,180,5.979,18.059,-0.105,0.9727,0.0176,12.187,1.212,0.166,9072,0.00041,45.7,98.4,199.496,42.2,0.9551,30.7,5.25
2026-08-13 06:07:35,AGV-010,23.321,0.786,22.62,0.9311,180,6.404,18.644,-0.308,0.9906,0.0286,9.637,1.237,0.1686,9164,0.23921,41.73,101.5,200.127,46.1,0.9653,29.8,5.19
2026-08-13 06:07:40,AGV-010,24.697,2.923,28.8,0.9311,180,6.903,19.215,-0.197,0.9566,0.0131,13.94,1.246,0.1514,9262,0.0,47.59,107.7,200.177,41.8,0.9695,30.4,4.85
2026-08-13 06:07:45,AGV-010,24.989,2.813,23.6,0.9311,180,7.474,19.769,-0.04,0.8839,0.0069,10.444,1.075,0.1594,9381,0.5,44.5,98.3,200.058,47.1,0.9664,30.0,5.03
2026-08-13 06:07:50,AGV-010,26.054,1.952,26.82,0.9311,180,8.113,20.305,0.331,0.9571,0.0171,10.407,1.121,0.1526,9466,0.0,44.54,98.0,199.953,45.8,0.9694,29.6,4.71
2026-08-13 06:07:55,AGV-010,21.945,3.008,19.36,0.9311,180,8.82,20.819,0.419,0.9784,0.0098,11.676,1.176,0.1308,9575,0.5,47.6,106.3,200.397,40.5,0.96,31.1,5.52
2026-08-13 06:08:00,AGV-010,26.401,3.006,22.78,0.9311,180,9.59,21.31,-0.458,0.9439,0.0131,12.506,1.322,0.1853,9675,0.46505,48.39,98.8,199.514,47.8,0.9793,30.6,5.24
2026-08-13 06:08:05,AGV-010,25.926,2.337,22.88,0.9311,180,10.421,21.777,0.032,0.9299,0.0097,11.038,1.17,0.1659,9771,0.5,41.95,93.8,199.581,51.1,0.9703,29.9,4.98
2026-08-13 06:08:10,AGV-010,25.094,5.395,21.06,0.9311,180,11.309,22.217,-0.359,0.9692,0.0055,9.361,1.247,0.2057,9870,0.21224,40.68,100.0,199.713,42.9,0.9725,30.5,5.06
2026-08-13 06:08:15,AGV-010,24.075,2.262,21.32,0.9311,180,12.252,22.628,-0.128,0.9429,0.026,11.093,1.206,0.143,9970,0.5,43.86,92.3,199.942,44.3,0.9672,30.0,5.25
2026-08-13 06:08:20,AGV-010,25.749,2.936,24.03,0.9311,180,13.244,23.009,0.065,0.9428,0.023,13.488,1.207,0.1313,10068,0.04895,49.65,99.5,199.682,42.1,0.9631,29.9,4.84
2026-08-13 06:08:25,AGV-010,26.747,1.97,23.19,0.9311,180,14.283,23.359,0.48,0.9166,0.0082,11.997,1.215,0.0853,10171,0.5,42.68,107.8,199.693,46.0,0.9634,29.6,5.0
2026-08-13 06:08:30,AGV-010,24.126,4.328,23.13,0.9311,180,15.365,23.675,-0.07,0.917,0.0361,13.678,1.119,0.2181,10282,0.42562,47.9,90.3,200.453,49.6,0.9861,30.0,5.21
2026-08-13 06:08:35,AGV-010,26.222,1.172,22.31,0.9311,180,16.484,23.958,0.222,0.9667,0.0108,12.78,1.185,0.1648,10383,0.37146,42.08,99.7,199.959,44.4,0.9602,30.2,4.64
2026-08-13 06:08:40,AGV-010,25.655,3.096,26.32,0.9311,180,17.638,24.205,-0.534,0.9253,0.0267,11.176,1.159,0.1727,10477,0.22396,44.54,104.8,200.401,43.8,0.966,30.1,5.17
2026-08-13 06:08:45,AGV-010,25.973,1.513,20.38,0.9311,180,18.82,24.415,-0.568,0.9854,0.0,10.923,1.194,0.2006,10569,0.36667,43.28,99.5,200.002,50.6,0.9519,30.3,5.75
2026-08-13 06:08:50,AGV-010,25.406,0.301,23.79,0.9311,180,20.026,24.589,-0.129,0.9899,0.0153,12.288,1.132,0.1538,10679,0.32405,46.24,111.2,199.644,44.6,0.9748,30.0,4.51
2026-08-13 06:08:55,AGV-010,24.478,1.869,22.46,0.9311,180,21.252,24.725,1.668,0.9291,0.0,12.295,1.382,0.1282,10762,0.5,45.44,100.5,200.554,45.0,0.9788,29.3,5.28
2026-08-13 06:09:00,AGV-010,23.018,1.921,22.25,0.9311,180,22.493,24.822,-0.393,0.9362,0.0095,12.174,1.029,0.1767,10873,0.0,42.32,103.1,199.798,46.5,0.9525,30.2,4.63
2026-08-13 06:09:05,AGV-010,23.868,3.679,17.93,0.9311,180,23.744,24.88,0.077,0.9641,0.0223,12.308,1.033,0.1427,10960,0.23907,43.55,111.1,200.169,42.2,0.9628,29.6,4.59
2026-08-13 06:09:10,AGV-010,25.29,1.604,23.54,0.9311,180,25.0,24.9,0.204,0.9805,0.0212,11.793,1.243,0.095,11054,0.0,41.8,104.2,200.367,45.0,0.9621,29.2,4.88
2026-08-13 06:09:15,AGV-010,24.215,0.0,22.03,0.9311,180,26.256,24.88,0.016,0.9534,0.0106,11.822,1.282,0.1951,11170,0.08041,45.69,99.9,199.905,53.3,0.9664,29.9,5.16
2026-08-13 06:09:20,AGV-010,22.137,0.0,24.37,0.9311,180,27.507,24.822,-0.299,0.937,0.0187,10.777,1.361,0.1166,11262,0.32723,41.95,96.6,199.873,50.0,0.9755,29.7,5.17
2026-08-13 06:09:25,AGV-010,23.736,3.117,31.71,0.9311,180,28.748,24.725,0.278,0.9423,0.0213,10.412,1.174,0.1274,11353,0.5,45.29,98.8,199.608,49.9,0.9697,29.6,4.97
2026-08-13 06:09:30,AGV-010,23.105,3.575,24.1,0.9311,180,29.974,24.589,-0.455,0.9522,0.0119,13.118,1.2,0.1729,11433,0.5,46.19,102.8,200.052,50.1,0.97,29.3,4.68
2026-08-13 06:09:35,AGV-010,24.769,3.136,24.87,0.9311,180,31.18,24.415,0.19,0.9392,0.025,10.513,1.25,0.0892,11552,0.0,46.98,93.8,199.616,50.3,0.9557,30.1,4.96
2026-08-13 06:09:40,AGV-010,25.506,2.235,21.59,0.9311,180,32.362,24.205,-0.291,0.9744,0.0196,9.186,1.34,0.1523,11663,0.19777,47.02,110.6,199.861,47.3,0.9696,29.6,4.46
2026-08-13 06:09:45,AGV-010,24.724,3.348,24.1,0.9311,180,33.516,23.958,0.498,0.9361,0.0128,11.479,1.069,0.157,11755,0.5,46.01,118.4,199.82,48.5,0.9795,29.5,5.25
2026-08-13 06:09:50,AGV-010,22.651,0.101,23.35,0.9311,180,34.635,23.675,-0.894,0.9592,0.0365,12.413,1.219,0.1815,11864,0.0766,41.75,100.1,199.715,50.0,0.9711,30.2,4.88
2026-08-13 06:09:55,AGV-010,23.993,0.0,21.48,0.9311,180,35.717,23.359,-0.055,0.9652,0.0143,11.747,1.264,0.1676,11978,0.37626,42.4,86.3,200.131,47.6,0.9499,29.9,5.33
2026-08-13 06:10:00,AGV-010,23.187,0.687,21.26,0.9311,180,36.756,23.009,-0.559,0.9502,0.0075,10.207,1.167,0.1713,12064,0.49021,42.39,106.2,200.569,53.2,0.9827,30.2,4.71
2026-08-13 06:10:05,AGV-010,24.29,2.603,24.89,0.9311,180,37.748,22.628,0.413,0.9455,0.0281,13.655,1.243,0.1764,12145,0.22864,44.8,100.9,200.387,44.3,0.9835,29.9,5.16
2026-08-13 06:10:10,AGV-010,25.39,4.045,21.88,0.9311,180,38.691,22.217,0.42,0.9495,0.0245,12.348,1.139,0.1935,12231,0.0,48.27,105.4,199.026,48.6,0.9757,30.1,4.47
2026-08-13 06:10:15,AGV-010,24.583,1.363,21.17,0.9311,180,39.579,21.777,-1.313,0.9326,0.0,13.735,1.322,0.1356,12329,0.4247,42.91,99.8,200.018,53.0,0.9793,29.2,5.4
2026-08-13 06:10:20,AGV-010,24.505,1.532,27.1,0.9311,180,40.41,21.31,-0.621,0.9655,0.0,11.933,1.024,0.1196,12439,0.5,44.07,107.6,201.107,52.9,0.9748,30.7,5.13
2026-08-13 06:10:25,AGV-010,26.387,3.82,27.66,0.9311,180,41.18,20.819,0.466,0.9474,0.023,12.736,1.174,0.1212,12537,0.12592,48.6,94.3,200.044,48.5,0.9766,29.1,4.89
2026-08-13 06:10:30,AGV-010,23.379,2.246,21.21,0.9311,180,41.887,20.305,-0.067,0.945,0.0112,10.294,1.257,0.1682,12622,0.09698,40.89,103.4,199.833,51.1,0.9643,30.4,4.87
2026-08-13 06:10:35,AGV-010,25.83,3.145,26.42,0.9311,180,42.526,19.769,0.305,0.9281,0.0213,7.395,1.171,0.1408,12710,0.5,49.56,102.6,200.637,51.3,0.9779,29.9,4.91
2026-08-13 06:10:40,AGV-010,24.106,3.021,19.34,0.9311,180,43.097,19.215,-0.009,0.989,0.0143,12.053,1.285,0.1313,12821,0.5,46.87,103.3,199.985,57.0,0.9476,31.1,5.0
2026-08-13 06:10:45,AGV-010,27.521,1.004,21.15,0.9311,180,43.596,18.644,0.08,0.9671,0.0235,9.994,1.207,0.1816,12932,0.0,42.9,106.3,200.584,48.3,0.9684,30.0,4.52
2026-08-13 06:10:50,AGV-010,24.809,5.564,20.46,0.9311,180,44.021,18.059,0.494,0.9208,0.0258,13.303,1.23,0.1666,13020,0.0,43.98,107.4,199.914,51.5,0.9791,30.3,4.9
2026-08-13 06:10:55,AGV-010,22.276,1.548,22.33,0.9311,180,44.372,17.462,-0.596,0.9613,0.0,13.389,1.256,0.1966,13108,0.5,50.09,91.0,200.206,49.8,0.9846,28.9,4.91
2026-08-13 06:11:00,AGV-010,24.008,5.72,23.64,0.9311,180,44.646,16.855,-0.221,0.9378,0.0082,12.467,1.195,0.1578,13207,0.5,43.5,106.4,199.68,55.7,0.9742,30.6,5.31
2026-08-13 06:11:05,AGV-010,22.919,3.693,20.35,0.9311,180,44.842,16.241,-0.518,0.9318,0.0342,10.74,1.034,0.166,13289,0.0,47.15,101.5,200.497,50.9,0.982,30.2,4.84
2026-08-13 06:11:10,AGV-010,27.061,3.282,22.5,0.9311,180,44.961,15.622,0.136,0.9354,0.0227,11.985,1.375,0.1374,13376,0.19618,51.12,98.5,199.974,49.6,0.9695,29.1,4.69
2026-08-13 06:11:15,AGV-010,23.597,0.638,21.16,0.9311,180,45.0,15.0,-0.654,0.9604,0.0252,12.83,1.337,0.086,13481,0.0,44.87,102.3,200.064,53.9,0.9764,29.6,4.98
2026-08-13 06:11:20,AGV-010,25.984,3.386,24.25,0.9311,180,44.961,14.378,0.462,0.9471,0.0415,12.609,1.272,0.1335,13571,0.16723,44.97,101.9,200.466,49.4,0.9771,29.8,5.18
2026-08-13 06:11:25,AGV-010,25.621,2.752,23.95,0.9311,180,44.842,13.759,-0.267,0.949,0.0301,10.625,1.164,0.1276,13682,0.19984,51.63,100.8,200.229,52.5,0.9464,30.5,5.03
2026-08-13 06:11:30,AGV-010,23.044,2.532,27.29,0.9311,180,44.646,13.145,0.256,0.9557,0.0194,9.168,1.245,0.1091,13785,0.5,41.73,85.9,199.914,54.1,0.9778,29.8,5.02
2026-08-13 06:11:35,AGV-010,22.608,0.92,19.05,0.9311,180,44.372,12.538,-0.37,0.9688,0.007,12.566,1.027,0.1549,13878,0.5,44.94,101.1,199.304,47.1,0.9712,29.3,5.01
2026-08-13 06:11:40,AGV-010,25.661,4.187,26.61,0.9311,180,44.021,11.941,0.404,0.9962,0.032,11.971,1.044,0.1774,13992,0.28003,46.28,98.4,199.944,50.0,0.9722,29.8,4.95
2026-08-13 06:11:45,AGV-010,24.042,4.255,26.62,0.9311,180,43.596,11.356,0.594,0.9447,0.0323,12.858,1.441,0.1358,14090,0.5,40.37,102.8,199.82,58.3,0.979,30.3,4.83
2026-08-13 06:11:50,AGV-010,24.471,0.306,22.22,0.9311,180,43.097,10.785,0.381,0.9415,0.0213,11.97,1.076,0.1616,14193,0.5,41.51,99.6,200.008,53.4,0.9647,29.9,4.76
2026-08-13 06:11:55,AGV-010,24.654,1.973,22.67,0.9311,180,42.526,10.231,-0.441,0.9521,0.0386,11.76,1.17,0.1326,14293,0.0,43.29,117.0,199.894,49.5,0.9703,30.3,5.01
2026-08-13 06:12:00,AGV-010,20.899,2.443,24.5,0.9311,180,41.887,9.695,0.73,0.9641,0.0228,11.732,1.214,0.1452,14381,0.5,46.22,98.4,200.626,53.5,0.9707,28.8,5.1
2026-08-13 06:12:05,AGV-010,24.363,3.383,26.28,0.9311,180,41.18,9.181,0.346,0.9719,0.0207,11.525,1.234,0.1318,14473,0.5,43.55,87.8,200.267,47.6,0.9739,30.9,5.02
2026-08-13 06:12:10,AGV-010,25.844,3.088,18.25,0.9311,180,40.41,8.69,-0.318,0.9301,0.032,15.6,1.2,0.1589,14575,0.5,44.74,99.2,199.825,53.9,0.9485,30.0,4.46
2026-08-13 06:12:15,AGV-010,22.308,2.766,22.42,0.9311,180,39.579,8.223,0.139,0.9985,0.0249,11.649,1.163,0.1674,14655,0.43103,47.34,96.4,200.346,54.7,0.9767,30.1,5.28
2026-08-13 06:12:20,AGV-010,25.442,3.602,24.78,0.9311,180,38.691,7.783,0.768,0.9264,0.0276,11.512,1.19,0.2013,14742,0.5,46.8,101.7,200.719,53.5,0.9771,30.4,4.59
2026-08-13 06:12:25,AGV-010,24.183,5.673,23.82,0.9311,180,37.748,7.372,-0.448,0.9678,0.0,13.086,1.314,0.1328,14823,0.0,38.85,96.4,199.681,51.7,0.957,30.6,4.6
2026-08-13 06:12:30,AGV-010,23.063,2.43,23.7,0.9311,180,36.756,6.991,-0.462,0.965,0.0236,12.675,1.264,0.1435,14923,0.13545,45.55,105.1,199.885,59.4,0.9626,30.6,4.69
2026-08-13 06:12:35,AGV-010,24.869,4.422,19.36,0.9311,180,35.717,6.641,-0.064,0.922,0.015,12.13,1.268,0.1837,15016,0.0,46.65,99.9,199.661,53.2,0.9813,29.6,4.87
2026-08-13 06:12:40,AGV-010,24.426,5.503,22.33,0.9311,180,34.635,6.325,-0.7,0.9554,0.0143,10.713,1.006,0.1398,15104,0.1917,44.76,102.8,200.183,48.7,0.9602,29.1,4.97
2026-08-13 06:12:45,AGV-010,26.105,5.165,22.61,0.9311,180,33.516,6.042,0.054,0.9151,0.0176,10.033,1.253,0.1651,15222,0.38912,46.58,111.8,201.042,54.0,0.9849,30.2,5.29
2026-08-13 06:12:50,AGV-010,23.768,3.86,21.3,0.9311,180,32.362,5.795,0.365,0.9334,0.013,11.918,1.213,0.1348,15333,0.30937,47.31,100.5,200.591,58.2,0.9607,30.6,5.3
2026-08-13 06:12:55,AGV-010,26.016,3.855,26.55,0.9311,180,31.18,5.585,0.085,0.9487,0.0272,11.709,1.136,0.1618,15433,0.5,45.97,89.3,199.841,59.7,0.9797,30.2,4.48
2026-08-13 06:13:00,AGV-010,24.402,3.518,22.66,0.9311,180,29.974,5.411,-0.363,0.9528,0.0079,11.249,1.384,0.1679,15547,0.5,44.71,96.2,200.32,46.9,0.9604,28.9,4.46
2026-08-13 06:13:05,AGV-010,24.973,5.41,21.39,0.9311,180,28.748,5.275,0.454,0.9749,0.0019,13.197,1.053,0.1891,15627,0.17051,45.75,89.0,200.616,52.7,0.9783,31.0,5.32
2026-08-13 06:13:10,AGV-010,24.019,2.293,28.78,0.9311,180,27.507,5.178,-0.085,0.9362,0.0185,13.387,1.197,0.1271,15731,0.5,38.02,95.3,199.186,54.2,0.9723,29.7,4.95
2026-08-13 06:13:15,AGV-010,23.278,2.311,24.82,0.9311,180,26.256,5.12,-0.395,0.9573,0.0333,13.728,1.318,0.1647,15850,0.5,49.23,71.9,199.501,56.0,0.9724,30.4,4.69
2026-08-13 06:13:20,AGV-010,25.596,1.885,24.06,0.9311,180,25.0,5.1,0.129,0.9685,0.0147,10.462,1.216,0.1457,15945,0.47516,48.97,106.7,200.466,51.6,0.9597,29.0,5.17
2026-08-13 06:13:25,AGV-010,24.391,6.533,23.3,0.9311,180,23.744,5.12,0.602,0.9488,0.0173,13.558,1.004,0.1008,16063,0.5,48.76,88.1,199.264,57.5,0.9699,30.7,5.34
2026-08-13 06:13:30,AGV-010,24.046,5.175,21.87,0.9311,180,22.493,5.178,-0.29,0.9499,0.017,9.158,1.344,0.1313,16176,0.17801,45.38,105.8,200.036,58.8,0.9622,30.5,5.12
2026-08-13 06:13:35,AGV-010,25.658,1.968,21.44,0.9311,180,21.252,5.275,0.8,0.9209,0.0451,11.917,1.03,0.1275,16286,0.5,46.71,94.9,200.363,53.5,0.9611,29.8,4.77
2026-08-13 06:13:40,AGV-010,26.27,1.066,20.57,0.9311,180,20.026,5.411,0.039,0.9176,0.0294,13.294,1.08,0.1628,16380,0.0,45.42,97.8,200.161,56.2,0.9832,30.6,4.35
2026-08-13 06:13:45,AGV-010,23.8,2.575,22.77,0.9311,180,18.82,5.585,0.064,0.9332,0.014,10.456,1.297,0.1237,16479,0.38608,45.97,113.0,199.953,58.9,0.9986,30.1,5.16
2026-08-13 06:13:50,AGV-010,26.446,2.979,19.67,0.9311,180,17.638,5.795,0.057,0.9778,0.0179,9.992,1.104,0.1527,16573,0.19272,49.1,97.5,200.688,61.9,0.9623,30.4,4.96
2026-08-13 06:13:55,AGV-010,23.496,3.255,26.01,0.9311,180,16.484,6.042,-0.277,0.9779,0.0121,11.92,1.174,0.1504,16679,0.5,39.69,92.2,200.417,59.9,0.9742,29.9,4.75
2026-08-13 06:14:00,AGV-010,24.705,0.565,21.88,0.9311,180,15.365,6.325,-0.634,0.975,0.0386,14.478,1.103,0.1694,16763,0.0,46.32,96.0,201.103,55.4,0.9794,29.6,4.53
2026-08-13 06:14:05,AGV-010,25.495,1.764,25.89,0.9311,180,14.283,6.641,0.978,0.9574,0.0046,14.555,1.207,0.1357,16872,0.5,42.5,90.0,199.44,58.5,0.9637,30.9,5.07
2026-08-13 06:14:10,AGV-010,20.26,4.696,21.45,0.9311,180,13.244,6.991,-0.59,0.9604,0.0102,13.762,1.32,0.1056,16986,0.5,41.54,106.8,199.737,56.5,0.9612,30.2,4.83
2026-08-13 06:14:15,AGV-010,23.258,3.791,24.66,0.9311,180,12.252,7.372,0.621,0.9418,0.0288,10.504,1.042,0.1778,17091,0.08676,44.62,104.4,199.967,55.2,0.97,29.3,5.05
2026-08-13 06:14:20,AGV-010,23.924,1.825,19.96,0.9311,180,11.309,7.783,0.865,0.9425,0.037,12.006,1.224,0.1332,17176,0.3361,41.24,97.6,200.651,59.1,0.9702,30.1,5.27
2026-08-13 06:14:25,AGV-010,24.771,4.324,21.97,0.9311,180,10.421,8.223,-0.357,0.9094,0.0198,15.357,1.028,0.183,17256,0.10902,41.24,106.1,200.371,59.2,0.9447,30.3,4.8
2026-08-13 06:14:30,AGV-010,24.447,4.339,22.28,0.9311,180,9.59,8.69,0.309,0.9542,0.0172,13.355,1.41,0.1494,17373,0.13967,40.02,104.8,199.797,57.9,0.9726,30.6,5.64
2026-08-13 06:14:35,AGV-010,21.44,6.209,24.3,0.9311,180,8.82,9.181,0.345,0.9594,0.0203,9.679,1.108,0.1521,17466,0.5,43.55,97.8,199.511,61.1,0.978,31.1,4.97
2026-08-13 06:14:40,AGV-010,23.967,2.549,20.34,0.9311,180,8.113,9.695,0.346,0.9377,0.0207,13.208,1.256,0.1683,17575,0.0,46.6,101.9,199.456,57.4,0.9749,30.3,5.23
2026-08-13 06:14:45,AGV-010,22.536,1.862,27.45,0.9311,180,7.474,10.231,-0.315,0.9683,0.041,10.898,1.229,0.1693,17680,0.43573,47.48,98.1,200.872,58.1,0.9674,29.6,4.84
2026-08-13 06:14:50,AGV-010,23.688,2.65,23.58,0.9311,180,6.903,10.785,-0.194,0.9746,0.0244,11.57,1.214,0.1477,17793,0.0,50.93,94.7,199.988,59.1,0.9555,29.9,5.18
2026-08-13 06:14:55,AGV-010,24.018,4.262,23.47,0.9311,180,6.404,11.356,0.402,0.9275,0.0163,13.121,1.156,0.137,17880,0.5,43.79,79.6,200.1,59.7,0.9746,30.7,4.73
2026-08-13 06:15:00,AGV-010,24.696,0.992,19.83,0.9311,180,5.979,11.941,-0.82,0.9962,0.024,11.458,1.063,0.1487,17979,0.16113,47.39,97.7,199.503,56.1,0.9623,29.7,5.2
2026-08-13 06:15:05,AGV-010,23.888,2.879,24.44,0.9311,180,5.628,12.538,-1.001,0.9609,0.0294,11.223,1.347,0.0958,18078,0.0,45.54,99.9,200.016,64.7,0.9668,30.1,5.75
2026-08-13 06:15:10,AGV-010,24.472,2.931,26.52,0.9311,180,5.354,13.145,0.052,0.981,0.0105,13.621,1.106,0.1794,18168,0.25992,45.45,88.8,199.572,61.2,0.9701,29.8,4.67
2026-08-13 06:15:15,AGV-010,23.774,4.866,21.19,0.9311,180,5.158,13.759,-0.065,0.9362,0.0225,13.133,1.188,0.1242,18285,0.0,46.12,106.6,200.066,59.3,0.978,29.8,4.3
2026-08-13 06:15:20,AGV-010,24.837,2.067,22.06,0.9311,180,5.039,14.378,0.079,0.979,0.0202,12.503,1.165,0.1346,18384,0.5,47.4,98.1,199.834,59.6,0.9804,29.9,4.82
2026-08-13 06:15:25,AGV-010,22.845,2.653,22.95,0.9311,180,5.0,15.0,-0.361,0.9632,0.0085,15.164,1.298,0.1381,18496,0.5,46.43,103.2,199.643,59.4,0.9721,30.1,5.09
2026-08-13 06:15:30,AGV-010,24.349,3.657,22.8,0.9311,180,5.039,15.622,0.392,0.9441,0.0158,12.324,1.427,0.1612,18608,0.0,43.81,102.1,200.599,64.2,0.9703,29.9,5.03
2026-08-13 06:15:35,AGV-010,23.041,1.951,21.14,0.9311,180,5.158,16.241,0.424,0.928,0.0152,12.488,1.132,0.1461,18701,0.5,46.75,99.0,200.64,62.9,0.9777,29.2,4.87
2026-08-13 06:15:40,AGV-010,23.942,1.678,24.68,0.9311,180,5.354,16.855,0.082,0.9502,0.015,11.534,1.214,0.17,18799,0.0527,43.11,95.3,200.248,62.0,0.9612,30.6,5.32
2026-08-13 06:15:45,AGV-010,24.683,5.682,26.72,0.9311,180,5.628,17.462,-0.661,0.9656,0.0387,10.554,1.308,0.1655,18894,0.20135,46.76,94.1,199.102,67.7,0.9631,30.6,4.86
2026-08-13 06:15:50,AGV-010,23.337,3.709,23.45,0.9311,180,5.979,18.059,0.521,0.9515,0.0202,9.878,1.333,0.1255,18984,0.5,45.35,86.3,199.472,62.2,0.9846,30.1,5.26
2026-08-13 06:15:55,AGV-010,24.272,4.696,21.27,0.9311,180,6.404,18.644,-0.878,0.9518,0.0235,13.298,1.184,0.1257,19068,0.16563,39.39,111.5,199.493,57.9,0.9847,30.6,4.89
2026-08-13 06:16:00,AGV-010,23.995,3.963,20.71,0.9311,180,6.903,19.215,-0.631,0.9402,0.0266,11.336,1.188,0.1419,19170,0.5,44.58,102.4,200.94,63.0,0.9524,30.4,4.73
2026-08-13 06:16:05,AGV-010,26.928,2.697,30.0,0.9311,180,7.474,19.769,0.38,0.9235,0.0193,15.883,1.328,0.1715,19256,0.5,47.8,92.0,200.53,62.5,0.965,30.4,5.04
2026-08-13 06:16:10,AGV-010,24.854,1.965,22.49,0.9311,180,8.113,20.305,-0.563,0.9535,0.0156,10.678,1.015,0.1661,19337,0.19143,44.62,104.3,200.679,65.3,0.9793,30.2,5.05
2026-08-13 06:16:15,AGV-010,25.032,2.026,24.96,0.9311,180,8.82,20.819,-0.368,0.9314,0.0349,10.869,1.291,0.169,19427,0.4417,45.69,90.5,199.626,63.5,0.9738,30.4,5.56
2026-08-13 06:16:20,AGV-010,23.359,1.771,19.27,0.9311,180,9.59,21.31,0.067,0.969,0.035,12.504,1.12,0.1423,19536,0.12779,43.56,104.6,199.233,61.8,0.9685,29.5,5.13
2026-08-13 06:16:25,AGV-010,21.371,1.778,21.66,0.9311,180,10.421,21.777,0.461,0.9668,0.0291,10.466,1.215,0.1801,19627,0.3319,44.18,103.3,200.508,64.5,0.9579,29.8,5.08
2026-08-13 06:16:30,AGV-010,23.681,1.703,26.47,0.9311,180,11.309,22.217,0.29,0.9834,0.0189,9.765,1.206,0.1604,19733,0.5,47.85,94.6,198.866,56.7,0.9649,29.3,5.03
2026-08-13 06:16:35,AGV-010,22.442,4.044,21.33,0.9311,180,12.252,22.628,0.661,0.9425,0.0235,13.023,1.139,0.1323,19851,0.29085,43.71,87.1,200.04,63.3,0.9616,29.4,4.83
2026-08-13 06:16:40,AGV-010,24.686,1.432,21.47,0.9311,180,13.244,23.009,-0.225,0.9491,0.0119,8.723,1.231,0.1421,19939,0.48981,41.55,95.8,200.302,63.8,0.9836,30.6,4.93
2026-08-13 06:16:45,AGV-010,24.749,4.963,24.58,0.9311,180,14.283,23.359,-0.433,0.9206,0.021,12.306,1.164,0.1744,20057,0.03727,38.46,100.6,199.44,58.2,0.9624,30.2,4.84
2026-08-13 06:16:50,AGV-010,24.666,4.004,21.91,0.9311,180,15.365,23.675,-0.641,0.9389,0.0082,12.337,1.301,0.1951,20145,0.0,42.72,87.2,200.755,62.8,0.9713,29.8,5.04
2026-08-13 06:16:55,AGV-010,24.324,3.882,25.07,0.9311,180,16.484,23.958,0.056,0.9499,0.028,13.402,1.123,0.0981,20252,0.17382,41.7,94.2,199.858,60.6,0.9742,29.5,4.54
2026-08-13 06:17:00,AGV-010,23.332,3.23,21.9,0.9311,180,17.638,24.205,0.137,0.9516,0.0365,12.727,1.095,0.158,20362,0.38653,40.54,110.2,200.163,61.4,0.9689,29.3,4.48
2026-08-13 06:17:05,AGV-010,23.523,3.498,23.37,0.9311,180,18.82,24.415,1.224,0.9424,0.0087,16.187,1.211,0.1019,20447,0.5,41.78,99.2,200.266,65.6,0.9696,29.4,4.77
2026-08-13 06:17:10,AGV-010,24.916,2.239,25.34,0.9311,180,20.026,24.589,0.307,0.9375,0.0375,11.441,1.193,0.1275,20538,0.25123,42.03,120.9,200.095,59.9,0.9572,29.7,4.74
2026-08-13 06:17:15,AGV-010,26.834,1.608,22.43,0.9311,180,21.252,24.725,-0.857,0.9549,0.0263,10.013,1.351,0.164,20636,0.49856,41.83,103.3,199.719,62.5,0.9661,28.6,5.09
2026-08-13 06:17:20,AGV-010,24.709,2.206,20.35,0.9311,180,22.493,24.822,0.575,0.944,0.0122,16.136,1.197,0.1535,20738,0.0,49.15,98.2,199.594,60.6,0.9668,30.5,4.83
2026-08-13 06:17:25,AGV-010,24.859,0.906,22.49,0.9311,180,23.744,24.88,-0.422,0.9762,0.0226,12.156,1.2,0.1256,20847,0.5,40.05,92.6,200.191,64.2,0.964,30.2,5.16
2026-08-13 06:17:30,AGV-010,26.726,3.561,21.03,0.9311,180,25.0,24.9,-0.656,0.955,0.0354,10.692,1.079,0.1368,20949,0.1653,46.73,90.6,200.314,64.7,0.9839,30.2,4.81
2026-08-13 06:17:35,AGV-010,24.394,1.375,22.34,0.9311,180,26.256,24.88,0.517,0.9393,0.0324,9.63,1.219,0.1779,21032,0.23499,46.61,101.0,200.489,60.0,0.9892,30.3,5.66
2026-08-13 06:17:40,AGV-010,23.273,3.851,23.66,0.9311,180,27.507,24.822,0.42,0.9717,0.0321,11.531,1.086,0.1524,21136,0.35289,46.84,95.9,199.926,63.0,0.9799,30.0,4.92
2026-08-13 06:17:45,AGV-010,24.875,3.893,23.66,0.9311,180,28.748,24.725,0.545,0.9299,0.0163,10.832,1.181,0.15,21219,0.10113,44.86,97.2,200.04,63.6,0.9851,30.1,5.12
2026-08-13 06:17:50,AGV-010,26.432,3.263,26.02,0.9311,180,29.974,24.589,-0.312,0.9422,0.0106,10.845,1.108,0.1806,21300,0.0,48.8,101.3,199.559,64.7,0.9637,30.0,4.8
2026-08-13 06:17:55,AGV-010,25.512,2.113,21.59,0.9311,180,31.18,24.415,1.112,0.929,0.02,8.89,1.251,0.1733,21405,0.5,45.0,94.3,200.511,67.3,0.9679,30.7,4.87
2026-08-13 06:18:00,AGV-010,24.684,1.604,23.59,0.9311,180,32.362,24.205,0.458,0.9449,0.0212,11.447,1.189,0.1385,21503,0.5,44.37,106.7,199.577,61.8,0.9614,29.5,5.12
2026-08-13 06:18:05,AGV-010,22.1,1.784,27.23,0.9311,180,33.516,23.958,-0.475,0.9775,0.0179,12.645,1.315,0.1684,21597,0.0,48.5,102.0,200.295,63.6,0.9711,30.4,5.0
2026-08-13 06:18:10,AGV-010,22.563,1.487,24.49,0.9311,180,34.635,23.675,1.109,0.9537,0.0139,10.495,1.1,0.1424,21707,0.43105,44.48,95.1,200.507,68.9,0.9611,29.5,5.22
2026-08-13 06:18:15,AGV-010,24.851,2.856,26.12,0.9311,180,35.717,23.359,0.289,0.9154,0.0099,11.348,1.204,0.1529,21801,0.42477,40.23,101.7,200.499,67.5,0.9594,29.4,5.3
2026-08-13 06:18:20,AGV-010,24.017,2.708,23.5,0.9311,180,36.756,23.009,-0.008,0.9423,0.0271,11.273,1.212,0.0985,21910,0.17703,46.5,81.5,199.319,62.4,0.9427,29.3,5.62
2026-08-13 06:18:25,AGV-010,24.33,5.733,25.75,0.9311,180,37.748,22.628,-0.279,0.9553,0.0129,12.137,1.185,0.1329,22002,0.17507,48.25,103.0,199.228,65.1,0.9746,29.0,5.21
2026-08-13 06:18:30,AGV-010,25.632,5.66,23.16,0.9311,180,38.691,22.217,-1.607,0.9558,0.0281,14.512,1.308,0.1546,22099,0.5,45.88,102.8,199.54,66.8,0.9818,30.1,5.01
2026-08-13 06:18:35,AGV-010,22.916,5.164,19.95,0.9311,180,39.579,21.777,0.382,0.9465,0.017,12.316,1.192,0.1164,22190,0.5,43.91,83.4,199.471,68.4,0.9807,29.5,4.88
2026-08-13 06:18:40,AGV-010,23.686,2.574,25.34,0.9311,180,40.41,21.31,-0.31,0.9654,0.019,10.265,1.094,0.1401,22274,0.5,45.78,85.0,201.056,66.9,0.9777,30.2,4.79
2026-08-13 06:18:45,AGV-010,25.908,0.751,24.61,0.9311,180,41.18,20.819,-0.118,0.9617,0.0082,11.814,1.239,0.1017,22363,0.5,47.05,97.4,200.185,67.3,0.9782,30.8,4.88
2026-08-13 06:18:50,AGV-010,22.922,3.15,23.75,0.9311,180,41.887,20.305,-0.049,0.947,0.024,12.536,1.378,0.1711,22464,0.5,41.9,94.8,199.367,67.5,0.9669,29.8,5.06
2026-08-13 06:18:55,AGV-010,25.86,2.502,21.16,0.9311,180,42.526,19.769,-0.431,0.9547,0.0172,10.165,1.131,0.1918,22561,0.5,38.88,99.5,199.502,66.5,0.9542,30.2,5.35
2026-08-13 06:19:00,AGV-010,24.876,2.931,27.73,0.9311,180,43.097,19.215,0.259,0.9472,0.0092,10.626,1.192,0.1198,22665,0.04052,44.59,100.4,200.783,61.8,0.9592,30.5,5.11
2026-08-13 06:19:05,AGV-010,24.294,3.521,25.73,0.9311,180,43.596,18.644,-0.421,0.9511,0.0177,10.6,1.219,0.1025,22783,0.47727,48.11,112.2,200.647,65.2,0.9669,30.1,4.91
2026-08-13 06:19:10,AGV-010,24.625,3.928,21.98,0.9311,180,44.021,18.059,-0.801,0.9538,0.0114,11.719,1.293,0.1662,22895,0.0,41.59,97.1,199.338,70.6,0.9483,30.1,4.64
2026-08-13 06:19:15,AGV-010,24.896,0.206,27.38,0.9311,180,44.372,17.462,0.033,0.9703,0.0042,11.436,1.274,0.1574,23013,0.0156,41.16,104.8,200.388,69.6,0.9756,29.2,4.76
2026-08-13 06:19:20,AGV-010,25.246,4.816,27.23,0.9311,180,44.646,16.855,-0.29,0.9594,0.0275,9.473,1.211,0.1634,23123,0.5,45.61,96.2,199.843,67.1,0.9742,30.1,5.06
2026-08-13 06:19:25,AGV-010,21.969,4.31,23.11,0.9311,180,44.842,16.241,-0.979,0.9501,0.0085,11.128,1.157,0.171,23212,0.24524,44.3,103.0,199.898,66.6,0.9753,30.3,5.17
2026-08-13 06:19:30,AGV-010,25.988,2.013,21.4,0.9311,180,44.961,15.622,-0.614,0.9419,0.0245,11.947,1.152,0.1542,23306,0.0,42.92,96.6,199.323,65.3,0.9791,30.9,5.28
2026-08-13 06:19:35,AGV-010,24.745,4.207,24.88,0.9311,180,45.0,15.0,0.084,0.9633,0.0429,13.609,1.247,0.191,23401,0.07231,48.49,89.4,199.803,65.1,0.952,29.8,5.28
2026-08-13 06:19:40,AGV-010,25.848,2.496,23.13,0.9311,180,44.961,14.378,0.07,0.9563,0.0106,10.012,1.128,0.1944,23506,0.0,42.99,95.0,199.482,70.7,0.9621,30.6,4.7
2026-08-13 06:19:45,AGV-010,24.991,2.926,30.71,0.9311,180,44.842,13.759,0.696,0.9481,0.0247,10.621,1.061,0.2074,23590,0.45709,46.08,103.0,200.633,67.0,0.9584,29.7,4.79
2026-08-13 06:19:50,AGV-010,27.104,2.652,20.94,0.9311,180,44.646,13.145,0.587,0.9439,0.0159,10.294,1.176,0.2118,23691,0.14432,47.52,90.6,199.516,69.0,0.9643,30.5,5.26
2026-08-13 06:19:55,AGV-010,23.579,1.787,27.75,0.9311,180,44.372,12.538,0.22,0.9513,0.0225,9.54,1.147,0.1286,23807,0.21945,44.38,100.5,200.579,75.5,0.9629,29.6,5.31
2026-08-13 06:20:00,AGV-010,26.414,0.99,22.58,0.9311,180,44.021,11.941,-0.353,0.9367,0.0023,8.029,1.161,0.1821,23895,0.49375,47.53,102.5,199.806,68.8,0.9483,30.1,5.0
2026-08-13 06:20:05,AGV-010,23.398,6.973,23.03,0.9311,180,43.596,11.356,-0.273,0.9212,0.0241,12.665,1.253,0.1557,23995,0.46288,47.0,102.6,199.039,66.4,0.9769,29.7,5.48
2026-08-13 06:20:10,AGV-010,25.11,3.816,21.44,0.9311,180,43.097,10.785,0.219,0.9815,0.021,12.175,1.209,0.0927,24085,0.0,45.55,105.8,199.669,71.4,0.9834,30.0,5.34
2026-08-13 06:20:15,AGV-010,25.739,3.081,23.96,0.9311,180,42.526,10.231,0.497,0.982,0.0441,12.615,1.176,0.1655,24191,0.0,43.88,116.2,199.364,72.2,0.9626,30.0,5.2
2026-08-13 06:20:20,AGV-010,24.469,5.592,21.35,0.9311,180,41.887,9.695,0.272,0.953,0.0,12.392,1.081,0.1286,24299,0.29118,49.29,89.7,200.216,63.3,0.9637,30.0,5.1
2026-08-13 06:20:25,AGV-010,22.077,0.351,23.04,0.9311,180,41.18,9.181,-0.235,0.9608,0.0152,11.332,1.159,0.15,24402,0.5,47.72,96.9,199.387,73.0,0.9784,29.6,4.49
2026-08-13 06:20:30,AGV-010,24.61,2.505,20.33,0.9311,180,40.41,8.69,0.104,0.9457,0.0246,11.028,1.038,0.1158,24510,0.04172,47.22,99.5,199.745,66.7,0.9693,30.0,4.72
2026-08-13 06:20:35,AGV-010,23.874,1.948,18.4,0.9311,180,39.579,8.223,-0.129,0.9605,0.0288,13.583,1.122,0.1891,24600,0.09965,45.17,95.9,200.129,74.4,0.9756,30.2,4.97
2026-08-13 06:20:40,AGV-010,25.545,2.133,23.05,0.9311,180,38.691,7.783,-1.057,0.9525,0.0188,12.957,1.119,0.1231,24708,0.3788,43.38,109.3,199.366,73.6,0.9598,29.8,5.48
2026-08-13 06:20:45,AGV-010,23.365,2.919,27.06,0.9311,180,37.748,7.372,-0.106,0.9542,0.0326,11.802,1.201,0.1279,24790,0.37136,39.2,109.9,200.66,70.3,0.9761,29.6,5.4
2026-08-13 06:20:50,AGV-010,23.783,2.216,24.29,0.9311,180,36.756,6.991,-0.205,0.9307,0.0206,10.494,1.205,0.1842,24883,0.29871,46.57,117.8,200.066,67.5,0.9739,29.6,4.79
2026-08-13 06:20:55,AGV-010,23.628,0.203,23.18,0.9311,180,35.717,6.641,0.398,0.9861,0.0214,12.134,1.175,0.1582,24980,0.48001,44.0,98.8,200.008,73.5,0.9655,30.5,5.29
2026-08-13 06:21:00,AGV-010,24.067,1.351,30.49,0.9311,180,34.635,6.325,-0.552,0.9282,0.0027,12.285,1.086,0.2038,25080,0.0,45.66,90.7,199.211,71.7,0.9695,30.0,4.73
2026-08-13 06:21:05,AGV-010,24.551,1.492,17.54,0.9311,180,33.516,6.042,-0.494,0.9673,0.0258,11.055,1.027,0.1766,25182,0.5,52.4,98.1,199.703,68.2,0.9487,30.7,4.21
2026-08-13 06:21:10,AGV-010,25.143,2.207,24.37,0.9311,180,32.362,5.795,0.529,0.9345,0.0352,12.355,1.335,0.183,25269,0.19515,48.75,92.2,199.825,72.3,0.9672,29.9,5.58
2026-08-13 06:21:15,AGV-010,25.048,1.443,21.32,0.9311,180,31.18,5.585,-0.46,0.9111,0.0101,12.863,1.115,0.1187,25370,0.5,46.34,106.6,199.347,67.5,0.9703,29.9,4.33
2026-08-13 06:21:20,AGV-010,22.891,2.606,23.74,0.9311,180,29.974,5.411,-0.345,0.9694,0.0156,12.649,1.171,0.1605,25477,0.0,44.7,106.0,200.392,71.8,0.9658,30.3,4.15
2026-08-13 06:21:25,AGV-010,23.393,2.653,21.57,0.9311,180,28.748,5.275,0.248,0.9539,0.0058,13.43,1.152,0.2048,25571,0.0,47.34,106.1,199.975,72.1,0.9615,30.3,5.07
2026-08-13 06:21:30,AGV-010,23.733,0.0,21.86,0.9311,180,27.507,5.178,0.357,0.9233,0.0246,13.277,1.286,0.1174,25665,0.28542,47.72,116.7,199.524,72.8,0.9838,30.7,4.9
2026-08-13 06:21:35,AGV-010,24.021,1.264,24.34,0.9311,180,26.256,5.12,0.698,0.9639,0.0184,13.548,1.229,0.1503,25759,0.5,43.84,100.1,199.784,75.2,0.9824,28.9,5.1
2026-08-13 06:21:40,AGV-010,23.393,3.198,23.13,0.9311,180,25.0,5.1,-0.177,0.9434,0.0281,11.193,1.128,0.147,25851,0.41718,44.22,94.8,199.973,70.2,0.9704,30.2,5.56
2026-08-13 06:21:45,AGV-010,23.535,2.707,21.71,0.9311,180,23.744,5.12,-0.149,0.9871,0.0192,13.17,1.252,0.1582,25957,0.27512,45.7,99.6,200.95,69.9,0.9736,29.5,5.29
2026-08-13 06:21:50,AGV-010,26.025,0.237,20.1,0.9311,180,22.493,5.178,-0.082,0.9225,0.019,12.721,1.065,0.1729,26050,0.43871,42.73,92.2,200.153,72.1,0.9519,29.9,5.17
2026-08-13 06:21:55,AGV-010,24.822,4.081,25.62,0.9311,180,21.252,5.275,-0.301,0.938,0.0194,13.217,1.19,0.1541,26137,0.3112,42.94,94.4,199.547,74.6,0.9588,29.4,4.74
2026-08-13 06:22:00,AGV-010,23.102,3.784,23.0,0.9311,180,20.026,5.411,0.217,0.9671,0.0217,12.179,0.9,0.2108,26218,0.5,41.62,100.1,199.619,71.7,0.9653,30.1,4.85
2026-08-13 06:22:05,AGV-010,24.933,6.368,20.39,0.9311,180,18.82,5.585,-0.165,0.9421,0.0202,12.727,1.231,0.0793,26318,0.10563,50.23,103.9,199.748,67.7,0.9594,29.5,5.17
2026-08-13 06:22:10,AGV-010,23.946,5.518,19.16,0.9311,180,17.638,5.795,-0.611,0.9343,0.0243,10.47,1.158,0.0694,26415,0.5,40.95,93.3,200.239,71.9,0.9801,29.0,4.87
2026-08-13 06:22:15,AGV-010,26.695,1.594,24.34,0.9311,180,16.484,6.042,-0.883,0.9552,0.0343,12.702,1.177,0.1425,26530,0.01175,41.06,89.5,200.147,73.3,0.9638,29.4,5.24
2026-08-13 06:22:20,AGV-010,23.68,2.682,22.8,0.9311,180,15.365,6.325,-0.063,0.9727,0.0297,13.824,1.321,0.1883,26631,0.19752,38.15,105.7,200.186,70.6,0.9579,30.6,5.07
2026-08-13 06:22:25,AGV-010,23.845,2.921,24.06,0.9311,180,14.283,6.641,0.31,0.9496,0.0376,14.475,1.125,0.1453,26729,0.0,46.86,92.9,199.9,66.1,0.99,30.3,4.94
2026-08-13 06:22:30,AGV-010,24.087,4.786,30.27,0.9311,180,13.244,6.991,-0.343,0.9464,0.0083,11.814,1.129,0.1374,26811,0.5,42.16,101.2,199.17,74.2,0.9884,30.6,5.34
2026-08-13 06:22:35,AGV-010,23.103,2.444,25.74,0.9311,180,12.252,7.372,-0.653,0.9355,0.0124,14.679,1.051,0.093,26921,0.5,47.27,109.1,200.219,69.5,0.9773,29.0,4.93
2026-08-13 06:22:40,AGV-010,25.011,4.892,23.52,0.9311,180,11.309,7.783,0.767,0.9416,0.0311,11.754,1.205,0.1408,27015,0.24755,44.85,106.4,199.561,76.5,0.9506,30.9,4.59
2026-08-13 06:22:45,AGV-010,24.504,3.299,19.21,0.9311,180,10.421,8.223,-0.177,0.9284,0.0099,13.043,1.193,0.1341,27102,0.5,48.82,104.7,200.218,80.7,0.9848,31.2,5.37
2026-08-13 06:22:50,AGV-010,24.86,1.676,27.89,0.9311,180,9.59,8.69,0.45,0.9751,0.0362,12.095,1.273,0.1449,27221,0.37318,42.45,108.7,199.331,71.2,0.9844,29.5,5.0
2026-08-13 06:22:55,AGV-010,24.481,1.105,23.82,0.9311,180,8.82,9.181,0.526,0.9648,0.0149,13.905,1.196,0.1458,27302,0.5,45.18,101.9,199.941,75.1,0.9527,30.2,4.93
2026-08-13 06:23:00,AGV-010,24.671,4.399,30.04,0.9311,180,8.113,9.695,0.755,0.9249,0.0186,12.306,1.233,0.1707,27400,0.5,48.33,91.1,200.318,75.1,0.9473,29.7,4.96
2026-08-13 06:23:05,AGV-010,26.421,4.325,21.49,0.9311,180,7.474,10.231,-0.029,0.9392,0.0163,11.1,1.252,0.1369,27493,0.0,48.64,119.6,200.942,69.8,0.9645,30.4,4.83
2026-08-13 06:23:10,AGV-010,25.116,4.514,20.24,0.9311,180,6.903,10.785,-0.715,0.9656,0.0201,13.559,1.236,0.1244,27589,0.0,48.26,103.5,199.682,67.3,0.9736,30.8,5.78
2026-08-13 06:23:15,AGV-010,22.262,0.0,27.39,0.9311,180,6.404,11.356,-0.956,0.9637,0.0366,11.257,1.187,0.1505,27691,0.09055,46.66,103.8,200.678,70.7,0.9843,29.5,4.61
2026-08-13 06:23:20,AGV-010,24.827,2.678,24.28,0.9311,180,5.979,11.941,-0.133,0.9486,0.0332,12.47,1.254,0.1494,27794,0.13669,44.92,101.4,200.469,74.0,0.9512,29.3,5.11
2026-08-13 06:23:25,AGV-010,25.866,4.753,26.9,0.9311,180,5.628,12.538,0.848,0.9456,0.0396,9.461,1.265,0.1132,27898,0.40741,46.75,86.4,199.774,82.4,0.9881,29.9,5.06
2026-08-13 06:23:30,AGV-010,21.628,0.727,20.42,0.9311,180,5.354,13.145,0.037,0.9505,0.0428,13.241,1.3,0.1612,27992,0.32475,41.07,93.0,199.96,76.9,0.9533,31.8,5.24
2026-08-13 06:23:35,AGV-010,23.032,3.726,20.39,0.9311,180,5.158,13.759,0.679,0.9417,0.0154,9.186,1.428,0.1121,28075,0.2366,43.87,113.1,199.683,72.7,0.9787,30.4,4.89
2026-08-13 06:23:40,AGV-010,25.178,2.043,20.94,0.9311,180,5.039,14.378,-0.486,0.9721,0.0099,11.25,1.1,0.1696,28159,0.28915,49.23,84.6,199.592,72.8,0.9697,30.2,5.37
2026-08-13 06:23:45,AGV-010,25.628,1.461,16.35,0.9311,180,5.0,15.0,0.726,0.9646,0.0216,9.951,1.252,0.1342,28273,0.41238,47.77,99.0,199.23,73.6,0.9826,30.5,4.9
2026-08-13 06:23:50,AGV-010,24.657,1.783,22.27,0.9311,180,5.039,15.622,0.337,0.9563,0.0233,10.32,1.198,0.1159,28384,0.00066,41.34,102.1,199.462,70.2,0.9738,30.6,4.85
2026-08-13 06:23:55,AGV-010,24.979,5.243,18.73,0.9311,180,5.158,16.241,0.065,0.9288,0.0053,11.947,1.22,0.2332,28501,0.0,46.06,97.2,198.69,73.4,0.9693,30.2,5.03
2026-08-13 06:24:00,AGV-010,26.114,4.216,23.84,0.9311,180,5.354,16.855,0.469,0.9383,0.0279,10.993,1.276,0.1532,28612,0.0,42.29,116.2,200.029,77.6,0.9768,30.0,5.1
2026-08-13 06:24:05,AGV-010,23.822,2.697,23.39,0.9311,180,5.628,17.462,-0.284,0.938,0.0096,13.107,1.222,0.1817,28706,0.5,44.15,87.7,200.719,75.7,0.9621,29.7,5.33
2026-08-13 06:24:10,AGV-010,23.301,6.174,21.29,0.9311,180,5.979,18.059,0.231,0.9433,0.0159,11.631,1.093,0.1478,28815,0.0,49.44,94.2,200.089,75.3,0.9688,30.1,4.61
2026-08-13 06:24:15,AGV-010,24.141,0.186,24.98,0.9311,180,6.404,18.644,-0.423,0.9541,0.0274,12.252,1.148,0.1894,28915,0.5,39.54,102.6,199.993,79.2,0.9565,30.6,5.28
2026-08-13 06:24:20,AGV-010,24.66,1.913,24.06,0.9311,180,6.903,19.215,-0.305,0.9821,0.0247,10.775,1.257,0.1721,29005,0.08381,41.17,103.2,199.665,73.4,0.9773,30.5,5.3
2026-08-13 06:24:25,AGV-010,24.83,5.273,27.13,0.9311,180,7.474,19.769,-0.459,0.9541,0.0208,13.122,1.122,0.1417,29102,0.5,45.45,100.8,200.923,78.3,0.9818,29.7,5.22
2026-08-13 06:24:30,AGV-010,25.387,2.603,28.49,0.9311,180,8.113,20.305,-0.447,0.923,0.0224,12.274,1.09,0.1792,29204,0.0,46.41,102.1,200.493,73.7,0.9745,29.9,4.98
2026-08-13 06:24:35,AGV-010,26.474,2.562,23.99,0.9311,180,8.82,20.819,-0.868,0.9641,0.0266,12.789,1.17,0.1857,29305,0.0,44.1,94.9,199.339,79.8,0.9722,29.4,4.85
2026-08-13 06:24:40,AGV-010,24.672,2.691,24.78,0.9311,180,9.59,21.31,1.138,0.9236,0.014,13.14,1.055,0.1375,29403,0.0,48.48,97.3,201.021,77.6,0.967,30.5,5.15
2026-08-13 06:24:45,AGV-010,22.923,2.187,25.18,0.9311,180,10.421,21.777,-0.601,0.9596,0.0233,13.297,1.124,0.1496,29490,0.26504,44.31,91.6,200.742,78.1,0.994,30.3,5.07
2026-08-13 06:24:50,AGV-010,23.508,4.266,28.7,0.9311,180,11.309,22.217,0.517,0.9418,0.02,12.623,1.394,0.2127,29597,0.48113,45.81,103.2,199.453,77.4,0.9696,29.9,4.56
2026-08-13 06:24:55,AGV-010,24.614,1.635,19.95,0.9311,180,12.252,22.628,-0.844,0.962,0.0214,12.261,1.145,0.1559,29692,0.0,45.17,86.4,200.372,79.6,0.9544,29.8,5.27
2026-08-13 06:25:00,AGV-010,26.216,6.906,22.15,0.9311,180,13.244,23.009,-0.289,0.961,0.0316,13.657,1.238,0.1834,29800,0.47703,44.23,89.1,199.888,75.5,0.9756,29.5,4.8
2026-08-13 06:25:05,AGV-010,25.243,0.751,20.03,0.9311,180,14.283,23.359,-0.179,0.9539,0.0229,12.245,1.117,0.1748,29884,0.3314,47.24,107.0,198.997,81.3,0.9706,30.0,4.81
2026-08-13 06:25:10,AGV-010,23.364,5.411,21.99,0.9311,180,15.365,23.675,0.711,0.9296,0.0342,11.38,1.263,0.1828,29979,0.06298,42.58,95.3,199.525,77.6,0.9908,30.7,5.32
2026-08-13 06:25:15,AGV-010,23.655,4.111,22.63,0.9311,180,16.484,23.958,0.165,0.938,0.0151,13.375,1.174,0.1799,30095,0.36861,48.88,119.3,200.362,80.1,0.9699,29.6,5.05
2026-08-13 06:25:20,AGV-010,24.091,1.85,21.34,0.9311,180,17.638,24.205,-0.536,0.9607,0.0191,13.569,1.279,0.0682,30206,0.35724,47.9,96.3,200.299,80.7,0.9564,29.3,4.95
2026-08-13 06:25:25,AGV-010,24.537,3.259,24.74,0.9311,180,18.82,24.415,-0.122,0.954,0.0048,11.923,1.168,0.1341,30308,0.5,47.94,96.3,201.362,76.6,0.987,30.1,4.89
2026-08-13 06:25:30,AGV-010,24.116,4.14,24.96,0.9311,180,20.026,24.589,0.593,0.9869,0.0104,12.93,1.153,0.141,30412,0.4036,51.85,110.5,200.073,80.5,0.973,30.6,4.93
2026-08-13 06:25:35,AGV-010,23.383,3.812,23.62,0.9311,180,21.252,24.725,0.525,0.9532,0.0163,12.683,1.185,0.1588,30495,0.36385,46.26,107.8,199.077,77.0,0.9643,30.5,4.99
2026-08-13 06:25:40,AGV-010,23.532,0.021,24.49,0.9311,180,22.493,24.822,-0.334,0.966,0.0247,12.135,1.2,0.1236,30604,0.5,45.37,98.4,199.49,74.6,0.9926,30.6,5.5
2026-08-13 06:25:45,AGV-010,24.357,3.453,28.3,0.9311,180,23.744,24.88,-0.735,0.9424,0.015,9.796,1.223,0.1468,30687,0.0,46.4,99.3,199.756,80.1,0.9697,29.7,4.42
2026-08-13 06:25:50,AGV-010,24.702,0.791,24.59,0.9311,180,25.0,24.9,-0.321,0.9333,0.0091,10.348,1.131,0.1123,30795,0.0,43.77,108.0,199.83,86.2,0.9644,30.4,5.76
2026-08-13 06:25:55,AGV-010,23.264,4.445,20.15,0.9311,180,26.256,24.88,0.339,0.9733,0.0234,11.445,1.11,0.0894,30885,0.5,44.74,101.6,199.812,77.9,0.9795,30.2,5.7
2026-08-13 06:26:00,AGV-010,24.838,4.478,21.56,0.9311,180,27.507,24.822,-0.878,0.936,0.0033,12.062,1.059,0.2306,30995,0.0,42.51,97.3,200.136,81.6,0.9796,29.9,4.89
2026-08-13 06:26:05,AGV-010,26.656,0.819,21.36,0.9311,180,28.748,24.725,-0.087,0.9217,0.0037,10.235,1.141,0.1371,31101,0.5,49.08,98.5,200.722,82.6,0.9792,30.0,5.06
2026-08-13 06:26:10,AGV-010,24.699,0.0,27.36,0.9311,180,29.974,24.589,-0.61,0.9235,0.0118,8.86,1.031,0.1882,31203,0.45302,41.98,115.8,200.171,76.9,0.9835,30.4,5.06
2026-08-13 06:26:15,AGV-010,24.779,2.416,22.32,0.9311,180,31.18,24.415,-0.243,0.9574,0.024,11.846,1.072,0.177,31290,0.0,42.55,97.5,199.009,78.6,0.951,30.3,5.32
2026-08-13 06:26:20,AGV-010,22.778,2.511,20.94,0.9311,180,32.362,24.205,0.256,0.9367,0.0113,12.013,1.176,0.1375,31394,0.5,44.36,97.5,200.154,84.4,0.9784,30.3,5.04
2026-08-13 06:26:25,AGV-010,25.344,2.885,20.65,0.9311,180,33.516,23.958,-0.032,0.9198,0.021,13.298,1.258,0.1958,31498,0.5,41.69,99.7,199.069,82.8,0.9708,30.3,5.12
2026-08-13 06:26:30,AGV-010,23.742,3.505,22.14,0.9311,180,34.635,23.675,0.348,0.9885,0.0275,14.899,1.166,0.1232,31582,0.33298,43.05,100.5,199.641,81.2,0.9714,29.8,5.36
2026-08-13 06:26:35,AGV-010,25.75,2.641,22.03,0.9311,180,35.717,23.359,0.612,0.9063,0.0247,9.963,1.399,0.1477,31681,0.2788,43.94,94.1,200.84,76.4,0.965,29.3,4.42
2026-08-13 06:26:40,AGV-010,26.639,3.029,21.64,0.9311,180,36.756,23.009,1.865,0.9418,0.0373,12.512,1.23,0.1683,31782,0.5,47.39,112.8,198.948,79.6,0.9658,29.7,4.95
2026-08-13 06:26:45,AGV-010,23.623,1.623,25.94,0.9311,180,37.748,22.628,0.454,0.9824,0.0216,15.568,1.22,0.151,31871,0.0,40.66,97.1,200.944,83.0,0.9676,30.4,5.07
2026-08-13 06:26:50,AGV-010,23.66,1.332,22.88,0.9311,180,38.691,22.217,0.301,0.9512,0.0342,10.024,1.087,0.1453,31987,0.5,43.44,104.0,200.225,72.2,0.9714,29.3,4.9
2026-08-13 06:26:55,AGV-010,25.096,3.778,23.43,0.9311,180,39.579,21.777,-0.328,0.9992,0.0262,10.535,1.258,0.0914,32089,0.0,45.9,113.2,200.126,84.2,0.948,30.0,4.49
2026-08-13 06:27:00,AGV-010,22.901,3.653,25.61,0.9311,180,40.41,21.31,0.447,0.9657,0.0161,13.458,1.258,0.1731,32180,0.5,46.5,97.4,199.284,85.3,0.9772,30.1,5.01
2026-08-13 06:27:05,AGV-010,24.568,2.336,25.8,0.9311,180,41.18,20.819,0.782,0.9264,0.0104,12.283,1.105,0.1774,32291,0.26619,52.78,103.3,199.999,87.5,0.9798,30.4,4.84
2026-08-13 06:27:10,AGV-010,24.095,1.294,22.04,0.9311,180,41.887,20.305,-0.338,0.965,0.0216,12.413,1.204,0.1356,32386,0.30578,49.39,90.3,199.708,86.1,0.9747,29.4,4.87
2026-08-13 06:27:15,AGV-010,24.349,5.202,26.81,0.9311,180,42.526,19.769,-0.28,0.9387,0.007,12.93,1.353,0.178,32470,0.5,49.96,93.9,199.523,83.6,0.9759,28.9,5.0
2026-08-13 06:27:20,AGV-010,21.989,5.439,23.58,0.9311,180,43.097,19.215,-0.324,0.9449,0.0178,13.11,1.226,0.1575,32573,0.0,40.39,101.2,199.892,84.9,0.9797,29.7,4.49
2026-08-13 06:27:25,AGV-010,25.064,4.582,22.1,0.9311,180,43.596,18.644,-0.661,0.9299,0.0185,12.635,1.285,0.1832,32677,0.5,46.0,96.9,201.133,81.7,0.9724,30.3,4.91
2026-08-13 06:27:30,AGV-010,27.437,3.823,26.04,0.9311,180,44.021,18.059,-0.008,0.9369,0.0318,12.818,1.166,0.1735,32768,0.29032,46.89,106.2,200.349,81.2,0.9919,30.7,4.8
2026-08-13 06:27:35,AGV-010,23.943,1.239,24.67,0.9311,180,44.372,17.462,-0.674,0.9645,0.0129,10.203,1.024,0.1411,32852,0.36159,41.33,96.0,199.845,84.4,0.97,29.7,4.62
2026-08-13 06:27:40,AGV-010,22.696,4.795,24.42,0.9311,180,44.646,16.855,-0.05,0.9319,0.0244,13.473,1.248,0.2129,32940,0.5,44.29,98.1,200.142,80.8,0.9798,29.6,5.15
2026-08-13 06:27:45,AGV-010,25.42,3.741,22.69,0.9311,180,44.842,16.241,0.16,0.9113,0.0103,14.346,1.184,0.1233,33043,0.5,47.44,95.2,199.741,82.1,0.9611,30.1,4.62
2026-08-13 06:27:50,AGV-010,23.39,1.337,23.64,0.9311,180,44.961,15.622,0.141,0.9582,0.0287,13.664,1.224,0.0593,33159,0.5,47.61,109.0,200.309,90.1,0.9687,31.0,5.17
2026-08-13 06:27:55,AGV-010,24.484,3.931,21.73,0.9311,180,45.0,15.0,-0.248,0.9451,0.0351,12.749,1.205,0.0714,33249,0.0,48.83,98.6,199.341,81.5,0.9811,30.2,5.26
2026-08-13 06:28:00,AGV-010,23.584,2.107,23.09,0.9311,180,44.961,14.378,-0.775,0.9684,0.0117,14.831,1.121,0.1634,33331,0.5,45.4,95.0,200.384,84.6,0.9683,30.3,4.97
2026-08-13 06:28:05,AGV-010,22.708,4.117,22.54,0.9311,180,44.842,13.759,0.609,0.9347,0.0214,12.28,1.206,0.0821,33437,0.5,43.38,93.2,199.192,79.2,0.9644,31.0,5.33
2026-08-13 06:28:10,AGV-010,24.825,4.59,24.28,0.9311,180,44.646,13.145,-0.884,0.9704,0.0459,13.49,1.137,0.131,33526,0.5,46.82,91.4,199.813,81.7,0.9734,30.5,5.7
2026-08-13 06:28:15,AGV-010,23.608,3.653,27.68,0.9311,180,44.372,12.538,0.059,0.9643,0.0126,14.54,1.097,0.1836,33632,0.5,45.61,105.7,200.511,81.9,0.9704,30.1,5.17
2026-08-13 06:28:20,AGV-010,22.502,1.621,23.18,0.9311,180,44.021,11.941,0.743,0.9603,0.0055,11.454,1.278,0.0746,33737,0.36025,46.41,99.5,200.865,84.1,0.9607,29.4,4.91
2026-08-13 06:28:25,AGV-010,24.803,3.8,25.71,0.9311,180,43.596,11.356,0.046,0.923,0.0223,13.966,1.115,0.1428,33834,0.0,39.42,123.7,198.832,82.0,0.9662,30.0,5.36
2026-08-13 06:28:30,AGV-010,27.942,3.715,23.99,0.9311,180,43.097,10.785,0.639,0.9488,0.0093,10.302,1.185,0.1477,33947,0.15147,45.02,95.8,199.364,84.0,0.9722,30.4,4.42
2026-08-13 06:28:35,AGV-010,25.685,1.821,26.66,0.9311,180,42.526,10.231,0.255,0.9681,0.0237,10.704,1.111,0.1038,34045,0.12567,46.28,87.7,199.967,83.5,0.9457,29.5,5.7
2026-08-13 06:28:40,AGV-010,24.4,2.362,28.11,0.9311,180,41.887,9.695,-0.697,0.9389,0.0287,10.525,1.345,0.1576,34130,0.33211,45.02,98.4,200.322,84.5,0.9704,30.5,5.03
2026-08-13 06:28:45,AGV-010,28.138,5.731,22.3,0.9311,180,41.18,9.181,0.656,0.908,0.0098,8.776,1.249,0.1442,34222,0.15434,44.61,118.2,199.657,80.3,0.9609,29.9,5.09
2026-08-13 06:28:50,AGV-010,22.308,5.358,19.16,0.9311,180,40.41,8.69,-0.295,0.9365,0.0053,10.925,1.101,0.1684,34314,0.5,44.61,102.9,199.949,80.8,0.9674,29.9,4.53
2026-08-13 06:28:55,AGV-010,25.147,2.052,20.38,0.9311,180,39.579,8.223,-0.214,0.931,0.0303,12.123,1.201,0.1485,34404,0.5,42.38,99.4,199.981,87.9,0.9573,29.5,5.27
2026-08-13 06:29:00,AGV-010,26.677,0.0,26.23,0.9311,180,38.691,7.783,0.342,0.9379,0.0373,11.541,1.202,0.1353,34516,0.29593,47.59,95.8,199.93,84.0,0.9664,30.2,5.04
2026-08-13 06:29:05,AGV-010,23.208,5.097,24.48,0.9311,180,37.748,7.372,-0.474,0.9211,0.017,10.087,1.211,0.1609,34620,0.43801,44.12,97.5,199.957,86.5,0.988,30.3,4.96
2026-08-13 06:29:10,AGV-010,24.814,6.053,21.08,0.9311,180,36.756,6.991,0.47,0.9655,0.0338,8.301,1.138,0.1881,34706,0.49702,37.47,109.6,199.991,87.3,0.9598,29.5,4.81
2026-08-13 06:29:15,AGV-010,23.68,5.234,27.85,0.9311,180,35.717,6.641,0.211,0.9622,0.0377,10.874,1.133,0.1914,34799,0.5,43.17,93.4,200.802,86.5,0.9633,30.3,4.73
2026-08-13 06:29:20,AGV-010,24.034,2.341,22.81,0.9311,180,34.635,6.325,0.827,0.9318,0.0271,10.727,1.348,0.168,34881,0.5,42.71,100.3,199.885,82.4,0.9662,30.4,4.78
2026-08-13 06:29:25,AGV-010,24.946,3.879,22.7,0.9311,180,33.516,6.042,0.574,0.9413,0.0214,14.842,1.11,0.1746,34963,0.1529,44.03,101.2,200.623,80.4,0.9487,30.4,4.51
2026-08-13 06:29:30,AGV-010,22.3,1.486,22.88,0.9311,180,32.362,5.795,-0.102,0.9325,0.0268,11.971,1.096,0.1303,35044,0.0,43.06,100.1,199.968,85.5,0.9525,30.1,5.06
2026-08-13 06:29:35,AGV-010,23.223,4.495,26.97,0.9311,180,31.18,5.585,-0.208,0.9597,0.0287,14.63,1.017,0.1421,35125,0.4157,44.67,97.6,199.64,87.0,0.9754,29.8,5.48
2026-08-13 06:29:40,AGV-010,24.493,2.0,21.64,0.9311,180,29.974,5.411,-0.366,0.93,0.0,10.924,1.175,0.1641,35240,0.5,45.59,88.4,199.859,91.2,0.964,29.9,5.12
2026-08-13 06:29:45,AGV-010,22.312,1.92,27.01,0.9311,180,28.748,5.275,-0.125,0.9329,0.0188,13.578,1.071,0.1574,35330,0.25565,42.63,101.8,199.132,93.1,0.9879,29.3,4.75
2026-08-13 06:29:50,AGV-010,23.999,2.745,25.12,0.9311,180,27.507,5.178,-0.451,0.952,0.0069,12.366,1.42,0.1683,35442,0.0,45.16,97.8,199.449,88.4,0.9605,29.7,5.1
2026-08-13 06:29:55,AGV-010,22.596,2.033,27.23,0.9311,180,26.256,5.12,-0.155,0.933,0.011,10.784,1.064,0.1933,35548,0.5,46.99,109.9,199.628,87.2,0.9885,29.9,4.2
2026-08-13 06:30:00,AGV-010,22.665,3.975,25.65,0.9311,180,25.0,5.1,-0.633,0.9835,0.0232,12.385,1.123,0.1465,35646,0.37065,43.93,98.7,200.061,87.4,0.9524,29.6,5.51
2026-08-13 06:30:05,AGV-010,25.568,1.592,24.57,0.9311,180,23.744,5.12,-0.487,0.9356,0.019,11.691,1.417,0.1056,35762,0.0,46.98,99.6,200.817,87.7,0.9682,30.1,4.83
2026-08-13 06:30:10,AGV-010,24.568,6.754,25.47,0.9311,180,22.493,5.178,0.684,0.9647,0.0203,11.543,1.308,0.1233,35878,0.40732,48.97,101.3,199.818,85.9,0.9609,30.7,5.15
2026-08-13 06:30:15,AGV-010,24.182,3.699,23.89,0.9311,180,21.252,5.275,-0.67,0.9677,0.0187,9.509,1.017,0.1563,35983,0.5,42.17,103.8,199.476,92.2,0.9775,30.8,4.98
2026-08-13 06:30:20,AGV-010,23.911,2.348,21.8,0.9311,180,20.026,5.411,-0.714,0.9219,0.0181,14.955,1.201,0.1388,36066,0.0,45.89,85.6,200.419,87.0,0.9633,29.7,5.17
2026-08-13 06:30:25,AGV-010,24.83,1.408,25.38,0.9311,180,18.82,5.585,-0.363,0.9447,0.0199,12.815,1.224,0.1132,36150,0.5,51.11,102.5,200.092,89.5,0.9644,30.9,5.7
2026-08-13 06:30:30,AGV-010,23.865,2.407,23.46,0.9311,180,17.638,5.795,0.683,0.9326,0.0356,10.33,1.101,0.1487,36231,0.0,45.72,86.4,200.58,89.6,0.9688,30.6,4.36
2026-08-13 06:30:35,AGV-010,23.53,2.561,26.96,0.9311,180,16.484,6.042,-0.471,0.9681,0.0265,12.585,1.261,0.1278,36329,0.23532,42.52,97.1,200.486,81.8,0.9954,29.7,5.08
2026-08-13 06:30:40,AGV-010,25.72,2.466,26.87,0.9311,180,15.365,6.325,-0.154,0.9485,0.0106,11.478,1.057,0.1676,36428,0.12276,46.47,105.1,200.282,85.8,0.9837,30.2,5.09
2026-08-13 06:30:45,AGV-010,23.698,2.13,25.18,0.9311,180,14.283,6.641,0.14,0.9678,0.0156,14.102,1.029,0.1956,36527,0.5,44.5,116.6,200.178,90.1,0.9652,30.0,4.89
2026-08-13 06:30:50,AGV-010,26.079,1.639,26.25,0.9311,180,13.244,6.991,0.263,0.9826,0.0269,11.563,1.295,0.185,36638,0.5,41.2,92.1,200.487,93.0,0.9602,29.0,4.78
2026-08-13 06:30:55,AGV-010,23.772,4.233,24.94,0.9311,180,12.252,7.372,-0.055,0.9845,0.0173,11.931,1.257,0.1222,36720,0.0,44.49,93.4,200.451,90.0,0.961,29.4,5.29
2026-08-13 06:31:00,AGV-010,25.36,4.993,24.96,0.9311,180,11.309,7.783,0.194,0.9285,0.0251,11.062,1.383,0.1313,36802,0.0,41.56,86.5,200.473,91.6,0.9588,30.4,4.99
2026-08-13 06:31:05,AGV-010,24.759,1.58,21.98,0.9311,180,10.421,8.223,0.481,0.9264,0.0198,12.722,1.189,0.1038,36913,0.0,40.07,94.2,200.463,86.5,0.9801,29.2,5.0
2026-08-13 06:31:10,AGV-010,25.131,2.799,24.31,0.9311,180,9.59,8.69,-0.645,0.9264,0.0221,11.975,1.355,0.1836,37006,0.49717,47.6,118.3,199.965,90.0,0.9624,30.9,4.91
2026-08-13 06:31:15,AGV-010,24.8,0.174,24.81,0.9311,180,8.82,9.181,-0.342,0.9727,0.0328,13.875,1.143,0.1541,37117,0.0,37.98,87.3,199.595,86.6,0.9819,30.5,4.95
2026-08-13 06:31:20,AGV-010,25.315,2.055,24.61,0.9311,180,8.113,9.695,-0.421,0.965,0.024,12.462,1.314,0.198,37202,0.05182,49.19,75.1,200.014,92.6,0.9818,30.3,5.18
2026-08-13 06:31:25,AGV-010,26.217,5.827,24.36,0.9311,180,7.474,10.231,-0.185,0.9636,0.0394,15.666,1.386,0.1683,37313,0.5,46.71,107.1,199.798,90.6,0.9683,29.2,5.17
2026-08-13 06:31:30,AGV-010,23.376,4.673,24.2,0.9311,180,6.903,10.785,0.62,0.961,0.0134,11.79,1.108,0.1366,37421,0.5,49.48,106.9,199.537,95.8,0.955,30.5,4.77
2026-08-13 06:31:35,AGV-010,26.258,3.801,29.11,0.9311,180,6.404,11.356,0.486,0.9418,0.0108,10.811,1.02,0.0967,37504,0.0,50.0,100.4,200.799,90.7,0.9776,30.5,4.91
2026-08-13 06:31:40,AGV-010,24.085,1.139,24.0,0.9311,180,5.979,11.941,-0.043,0.9518,0.024,10.913,1.221,0.1592,37594,0.40247,48.37,101.0,199.994,86.2,0.9573,30.5,5.31
2026-08-13 06:31:45,AGV-010,22.243,1.828,25.6,0.9311,180,5.628,12.538,0.402,0.9567,0.0178,10.92,1.219,0.2132,37689,0.0,43.72,106.3,199.475,92.1,0.97,30.5,5.5
2026-08-13 06:31:50,AGV-010,25.279,2.099,23.73,0.9311,180,5.354,13.145,1.058,0.9523,0.0213,10.78,1.183,0.1756,37790,0.05106,43.14,106.5,200.669,89.9,0.985,30.9,5.5
2026-08-13 06:31:55,AGV-010,25.456,4.406,24.54,0.9311,180,5.158,13.759,-0.623,0.9371,0.0236,14.28,1.296,0.1462,37891,0.08174,45.34,91.8,200.057,94.3,0.9456,29.6,5.48
2026-08-13 06:32:00,AGV-010,25.058,4.825,21.43,0.9311,180,5.039,14.378,-0.332,0.9822,0.0071,11.616,1.087,0.1753,37971,0.13068,47.98,90.0,200.497,89.4,0.9671,29.9,5.06
2026-08-13 06:32:05,AGV-010,24.034,2.886,22.15,0.9311,180,5.0,15.0,-0.136,0.926,0.0,12.455,1.187,0.172,38074,0.28407,50.68,92.0,199.816,95.5,0.9634,29.6,5.31
2026-08-13 06:32:10,AGV-010,23.305,4.236,22.41,0.9311,180,5.039,15.622,0.188,0.9416,0.0272,10.09,1.122,0.1881,38171,0.01309,41.99,93.8,200.297,87.7,0.9653,30.4,5.11
2026-08-13 06:32:15,AGV-010,23.803,1.783,20.02,0.9311,180,5.158,16.241,0.258,0.9792,0.0057,12.007,1.362,0.1244,38268,0.02967,47.43,105.8,200.32,96.3,0.9557,29.9,4.78
2026-08-13 06:32:20,AGV-010,24.649,3.369,24.02,0.9311,180,5.354,16.855,-0.531,0.9686,0.0149,8.495,1.277,0.1631,38351,0.5,45.12,108.4,200.052,88.1,0.9907,29.3,4.96
2026-08-13 06:32:25,AGV-010,24.112,4.462,21.35,0.9311,180,5.628,17.462,0.089,0.9246,0.0183,12.54,1.128,0.1054,38435,0.32181,45.13,97.3,199.686,90.0,0.9716,30.0,4.94
2026-08-13 06:32:30,AGV-010,23.176,5.282,20.88,0.9311,180,5.979,18.059,0.423,0.9062,0.0192,11.213,1.204,0.0938,38551,0.0,46.95,102.3,200.2,94.6,0.9495,29.0,5.28
2026-08-13 06:32:35,AGV-010,24.131,1.151,29.35,0.9311,180,6.404,18.644,-0.61,0.9294,0.0278,14.412,1.182,0.1711,38636,0.36216,37.28,99.3,200.3,99.1,0.9737,30.0,5.24
2026-08-13 06:32:40,AGV-010,23.435,5.068,26.73,0.9311,180,6.903,19.215,0.075,0.9524,0.0267,13.251,1.067,0.1874,38741,0.0,45.09,93.3,199.399,93.1,0.9813,30.1,4.97
2026-08-13 06:32:45,AGV-010,23.63,6.51,29.11,0.9311,180,7.474,19.769,-0.307,0.9512,0.0224,13.218,1.358,0.1501,38847,0.36759,41.29,93.0,201.211,88.8,0.9692,29.8,4.93
2026-08-13 06:32:50,AGV-010,25.333,0.766,23.56,0.9311,180,8.113,20.305,-0.722,0.9493,0.0257,10.698,1.156,0.1473,38949,0.5,47.2,100.5,200.815,86.2,0.9863,30.5,4.8
2026-08-13 06:32:55,AGV-010,23.001,0.522,22.96,0.9311,180,8.82,20.819,0.491,0.9615,0.0097,12.555,1.508,0.1605,39036,0.5,45.94,106.1,200.073,96.2,0.9491,29.1,4.9
2026-08-13 06:33:00,AGV-010,24.847,5.345,24.8,0.9311,180,9.59,21.31,0.233,0.9505,0.0125,14.949,1.203,0.1847,39129,0.4957,50.08,103.3,200.427,98.4,0.9814,30.0,4.97
2026-08-13 06:33:05,AGV-010,23.789,2.343,24.78,0.9311,180,10.421,21.777,-0.449,0.9691,0.056,10.872,1.324,0.1769,39231,0.0,49.49,98.4,199.991,96.9,0.9674,30.1,5.1
2026-08-13 06:33:10,AGV-010,24.776,2.645,22.89,0.9311,180,11.309,22.217,0.458,0.9652,0.0215,10.752,1.202,0.1599,39312,0.08439,43.19,111.1,199.684,94.3,0.961,30.0,5.03
2026-08-13 06:33:15,AGV-010,23.32,4.759,21.8,0.9311,180,12.252,22.628,1.06,0.9068,0.0288,12.092,1.23,0.1706,39426,0.5,45.83,112.5,200.475,91.7,0.9779,30.6,4.76
2026-08-13 06:33:20,AGV-010,24.178,1.653,25.36,0.9311,180,13.244,23.009,0.053,0.9518,0.0085,12.386,1.158,0.1746,39521,0.18899,49.84,87.9,199.592,95.7,0.9777,29.7,4.85
2026-08-13 06:33:25,AGV-010,23.399,3.39,19.65,0.9311,180,14.283,23.359,-0.691,0.9457,0.0273,13.026,1.02,0.1178,39612,0.28389,46.44,90.5,200.185,95.3,0.9851,30.0,4.97
2026-08-13 06:33:30,AGV-010,24.8,0.945,25.33,0.9311,180,15.365,23.675,-0.151,0.9555,0.0175,12.826,1.367,0.1661,39700,0.5,47.17,88.4,199.67,100.4,0.9847,30.1,5.15
2026-08-13 06:33:35,AGV-010,22.221,4.301,23.02,0.9311,180,16.484,23.958,-0.97,0.9452,0.0147,12.363,1.139,0.1114,39818,0.5,49.96,107.2,199.581,96.2,0.9707,29.8,4.85
2026-08-13 06:33:40,AGV-010,24.327,4.293,25.85,0.9311,180,17.638,24.205,-0.06,0.9178,0.0376,10.954,1.346,0.1823,39917,0.28828,49.49,97.8,200.073,97.4,0.9539,29.2,4.56
2026-08-13 06:33:45,AGV-010,22.834,3.265,26.62,0.9311,180,18.82,24.415,-0.192,0.9592,0.0354,15.0,1.409,0.1754,40013,0.15751,45.67,100.5,200.521,94.6,0.9518,30.8,4.67
2026-08-13 06:33:50,AGV-010,23.643,3.027,25.31,0.9311,180,20.026,24.589,0.391,0.9639,0.0197,14.293,1.134,0.1518,40097,0.5,48.32,104.8,200.131,92.1,0.9527,29.6,5.1
2026-08-13 06:33:55,AGV-010,24.028,2.987,20.74,0.9311,180,21.252,24.725,-0.299,0.9131,0.0225,12.735,1.115,0.1445,40216,0.5,47.82,99.9,200.032,95.1,0.9656,29.6,5.14
2026-08-13 06:34:00,AGV-010,25.306,2.752,19.86,0.9311,180,22.493,24.822,0.448,0.9846,0.0162,13.913,1.142,0.1845,40318,0.33555,50.19,94.9,199.102,88.1,0.9724,28.9,4.82
2026-08-13 06:34:05,AGV-010,22.38,2.898,19.65,0.9311,180,23.744,24.88,-0.4,0.9688,0.0086,11.981,1.009,0.1582,40407,0.32795,45.44,91.2,199.9,95.5,0.9755,30.0,4.7
2026-08-13 06:34:10,AGV-010,22.155,4.316,22.47,0.9311,180,25.0,24.9,-0.06,0.932,0.0209,10.229,1.234,0.1577,40520,0.5,48.94,98.1,199.295,96.7,0.9757,30.1,4.58
2026-08-13 06:34:15,AGV-010,25.797,0.33,19.89,0.9311,180,26.256,24.88,-0.703,0.928,0.0225,13.4,1.329,0.16,40621,0.5,43.95,106.4,200.029,94.2,0.9617,30.6,4.59
2026-08-13 06:34:20,AGV-010,24.012,5.76,23.6,0.9311,180,27.507,24.822,-0.534,0.954,0.0305,10.159,1.105,0.1623,40717,0.33178,46.58,86.5,199.997,97.1,0.9837,29.8,4.88
2026-08-13 06:34:25,AGV-010,22.311,3.29,21.37,0.9311,180,28.748,24.725,0.392,0.9526,0.026,15.166,1.247,0.1851,40828,0.5,47.88,96.1,199.971,99.4,0.9861,30.1,4.53
2026-08-13 06:34:30,AGV-010,23.919,6.386,22.21,0.9311,180,29.974,24.589,0.535,0.9624,0.0102,10.374,1.177,0.1017,40910,0.05059,47.27,84.5,199.985,96.8,0.9599,30.5,5.05
2026-08-13 06:34:35,AGV-010,23.85,3.385,23.67,0.9311,180,31.18,24.415,-0.327,0.9598,0.0,14.187,1.178,0.1466,41011,0.5,46.15,107.4,200.251,96.2,0.9689,30.7,5.15
2026-08-13 06:34:40,AGV-010,23.727,3.024,24.72,0.9311,180,32.362,24.205,0.26,0.9617,0.0169,14.887,1.198,0.0893,41114,0.5,45.13,86.7,200.283,95.5,0.9768,30.2,4.59
2026-08-13 06:34:45,AGV-010,24.705,3.948,21.59,0.9311,180,33.516,23.958,0.39,0.9278,0.0072,10.049,1.233,0.162,41227,0.5,47.36,87.1,200.169,96.1,0.9845,29.8,4.69
2026-08-13 06:34:50,AGV-010,22.363,1.134,22.56,0.9311,180,34.635,23.675,-0.534,0.9472,0.019,9.903,1.136,0.1308,41344,0.2751,46.77,106.7,200.485,102.9,0.976,30.6,4.97
2026-08-13 06:34:55,AGV-010,24.477,1.405,24.6,0.9311,180,35.717,23.359,0.226,0.9569,0.0246,12.848,1.201,0.1543,41442,0.0613,45.55,94.8,198.792,94.8,0.964,30.6,4.76
2026-08-13 06:35:00,AGV-010,23.853,2.706,23.35,0.9311,180,36.756,23.009,0.006,0.9453,0.0234,14.405,1.14,0.1268,41559,0.0,47.24,85.5,199.499,95.4,0.9597,29.1,5.06
2026-08-13 06:35:05,AGV-010,24.344,3.12,23.27,0.9311,180,37.748,22.628,0.175,0.9629,0.0156,13.153,1.213,0.1254,41657,0.0,40.72,104.2,200.22,100.3,0.9592,30.2,5.3
2026-08-13 06:35:10,AGV-010,25.504,4.554,25.46,0.9311,180,38.691,22.217,-0.061,0.9715,0.0242,10.856,1.108,0.137,41752,0.0,46.48,100.9,200.003,95.3,0.9674,30.5,4.94
2026-08-13 06:35:15,AGV-010,25.644,3.123,21.31,0.9311,180,39.579,21.777,-1.065,0.9334,0.0341,14.423,1.291,0.1525,41853,0.5,40.08,115.5,199.569,100.5,0.9648,30.4,4.49
2026-08-13 06:35:20,AGV-010,26.345,5.185,25.84,0.9311,180,40.41,21.31,0.084,0.9493,0.0242,15.468,1.165,0.1706,41950,0.04622,42.54,90.2,200.218,95.2,0.9571,29.9,5.05
2026-08-13 06:35:25,AGV-010,22.092,0.0,29.66,0.9311,180,41.18,20.819,-0.083,0.9394,0.0239,10.683,1.075,0.1279,42050,0.0,46.18,92.1,200.368,98.1,0.9771,29.8,4.9
2026-08-13 06:35:30,AGV-010,24.849,5.718,24.4,0.9311,180,41.887,20.305,-0.166,0.9415,0.0148,12.684,1.178,0.1541,42141,0.28228,45.03,94.0,199.621,101.1,0.9665,30.7,5.16
2026-08-13 06:35:35,AGV-010,25.352,2.391,22.49,0.9311,180,42.526,19.769,-0.821,0.9171,0.0219,13.056,1.192,0.1622,42258,0.0,40.1,107.8,199.678,94.8,0.9744,30.1,5.7
2026-08-13 06:35:40,AGV-010,23.696,4.031,19.86,0.9311,180,43.097,19.215,0.501,0.9583,0.0355,11.693,1.151,0.1353,42374,0.15644,39.51,84.1,199.182,100.8,0.957,29.9,4.71
2026-08-13 06:35:45,AGV-010,24.375,4.806,22.35,0.9311,180,43.596,18.644,0.02,1.0,0.0197,10.767,1.039,0.1614,42483,0.5,44.13,97.0,199.95,101.5,0.9801,29.9,4.78
2026-08-13 06:35:50,AGV-010,26.026,1.032,24.61,0.9311,180,44.021,18.059,-1.011,0.9584,0.0171,10.517,1.187,0.1111,42571,0.18285,39.69,101.9,199.977,98.1,0.9783,30.0,5.09
2026-08-13 06:35:55,AGV-010,24.155,5.174,23.35,0.9311,180,44.372,17.462,0.68,0.9958,0.0325,9.448,1.216,0.1229,42685,0.18325,41.0,109.3,199.47,102.9,0.9816,29.9,5.26
2026-08-13 06:36:00,AGV-010,25.984,4.137,23.51,0.9311,180,44.646,16.855,0.213,0.9758,0.0187,13.409,1.242,0.1818,42787,0.31148,43.32,92.9,199.739,98.7,0.9688,30.6,5.61
2026-08-13 06:36:05,AGV-010,24.341,5.668,23.36,0.9311,180,44.842,16.241,0.461,0.935,0.0263,11.342,1.301,0.083,42892,0.0,47.7,102.1,199.974,99.1,0.9676,30.2,4.87
2026-08-13 06:36:10,AGV-010,24.96,3.122,22.35,0.9311,180,44.961,15.622,-0.148,0.9585,0.0225,14.604,1.25,0.1398,42991,0.44034,41.55,94.7,200.46,101.7,0.9763,30.2,4.74
2026-08-13 06:36:15,AGV-010,25.53,3.001,23.5,0.9311,180,45.0,15.0,-0.007,0.9657,0.0256,12.927,1.233,0.1521,43097,0.5,38.57,89.9,199.808,103.4,0.9829,29.9,4.76
2026-08-13 06:36:20,AGV-010,23.076,1.894,21.53,0.9311,180,44.961,14.378,0.532,0.9647,0.0288,11.984,1.257,0.1573,43180,0.16738,49.05,98.8,199.548,91.4,0.9698,30.3,4.87
2026-08-13 06:36:25,AGV-010,24.926,1.949,23.9,0.9311,180,44.842,13.759,0.218,0.9356,0.0332,14.287,1.143,0.1585,43295,0.36094,47.58,97.5,200.741,93.8,0.9544,29.5,4.93
2026-08-13 06:36:30,AGV-010,23.819,2.909,24.06,0.9311,180,44.646,13.145,-0.069,0.9542,0.0311,11.994,1.293,0.1433,43395,0.0,46.09,103.7,200.347,96.4,0.9654,30.1,5.05
2026-08-13 06:36:35,AGV-010,25.885,3.881,27.31,0.9311,180,44.372,12.538,-0.319,0.9834,0.0351,11.26,1.192,0.1386,43496,0.01953,44.9,115.5,199.35,102.3,0.9835,29.2,5.01
2026-08-13 06:36:40,AGV-010,24.035,4.132,21.63,0.9311,180,44.021,11.941,-1.281,0.9189,0.018,13.204,1.181,0.1246,43598,0.5,51.28,103.2,200.357,101.2,0.9777,29.9,4.62
2026-08-13 06:36:45,AGV-010,24.019,1.49,25.57,0.9311,180,43.596,11.356,0.457,0.9707,0.0084,11.267,1.075,0.1964,43716,0.38696,45.97,99.7,199.738,95.1,0.9731,29.7,4.54
2026-08-13 06:36:50,AGV-010,23.396,2.853,25.87,0.9311,180,43.097,10.785,0.472,0.9736,0.0189,12.341,1.244,0.1731,43807,0.5,45.26,104.1,200.513,106.7,0.9657,30.0,4.97
2026-08-13 06:36:55,AGV-010,24.362,3.343,22.99,0.9311,180,42.526,10.231,0.373,0.9157,0.0493,12.619,1.234,0.1588,43901,0.4312,44.47,93.8,199.792,102.7,0.9871,29.8,4.77
2026-08-13 06:37:00,AGV-010,25.093,0.0,21.9,0.9311,180,41.887,9.695,0.571,0.9374,0.0196,12.163,1.274,0.1479,43987,0.25468,46.31,106.0,199.102,100.4,0.9597,30.3,4.82
2026-08-13 06:37:05,AGV-010,24.517,4.294,27.15,0.9311,180,41.18,9.181,-0.463,0.9445,0.0019,12.641,1.061,0.1321,44089,0.5,42.81,94.4,199.715,102.9,0.9702,29.7,5.26
2026-08-13 06:37:10,AGV-010,27.128,2.611,20.23,0.9311,180,40.41,8.69,-0.173,0.9675,0.0472,12.643,1.272,0.1485,44186,0.0,48.34,102.2,199.56,100.6,0.9748,30.4,5.2
2026-08-13 06:37:15,AGV-010,23.894,3.02,21.51,0.9311,180,39.579,8.223,-0.238,0.9501,0.0226,12.337,1.182,0.121,44276,0.0,48.91,97.8,199.667,104.9,0.9743,30.8,4.89
2026-08-13 06:37:20,AGV-010,23.382,5.183,20.83,0.9311,180,38.691,7.783,-0.979,0.939,0.0122,11.266,1.11,0.1911,44394,0.16183,48.82,97.5,198.852,105.9,0.9621,29.5,5.31
2026-08-13 06:37:25,AGV-010,24.285,1.505,21.87,0.9311,180,37.748,7.372,-0.299,0.9516,0.0089,10.501,1.154,0.1236,44489,0.33885,44.86,112.4,199.941,106.7,0.9783,30.3,5.33
2026-08-13 06:37:30,AGV-010,24.862,1.69,23.03,0.9311,180,36.756,6.991,0.085,0.9587,0.0221,10.941,1.118,0.1125,44607,0.19587,46.13,92.5,198.982,103.6,0.976,29.9,5.41
2026-08-13 06:37:35,AGV-010,22.894,0.0,27.54,0.9311,180,35.717,6.641,0.524,0.9468,0.0282,11.036,1.233,0.2392,44719,0.40707,41.03,103.5,199.937,102.6,0.9719,30.5,5.47
2026-08-13 06:37:40,AGV-010,26.04,2.877,22.54,0.9311,180,34.635,6.325,0.26,0.9825,0.0275,13.035,1.156,0.1457,44814,0.5,41.24,96.2,198.793,105.6,0.9743,29.5,4.94
2026-08-13 06:37:45,AGV-010,24.135,4.623,29.16,0.9311,180,33.516,6.042,-0.314,0.9507,0.0297,14.634,1.192,0.124,44915,0.0,47.31,106.8,199.452,107.7,0.9647,30.6,5.33
2026-08-13 06:37:50,AGV-010,26.511,0.0,26.01,0.9311,180,32.362,5.795,0.479,0.9648,0.0058,12.035,1.153,0.173,45026,0.5,47.75,89.1,200.274,102.0,0.9886,29.8,4.91
2026-08-13 06:37:55,AGV-010,26.07,1.426,22.32,0.9311,180,31.18,5.585,0.154,0.9288,0.0089,13.89,1.187,0.1099,45114,0.22929,39.77,96.9,200.349,107.3,0.9836,29.9,5.36
2026-08-13 06:38:00,AGV-010,25.251,3.222,22.35,0.9311,180,29.974,5.411,-0.816,0.9573,0.0206,10.99,1.086,0.1292,45225,0.40059,41.15,92.2,199.602,101.5,0.9635,29.9,4.93
2026-08-13 06:38:05,AGV-010,24.421,2.282,24.16,0.9311,180,28.748,5.275,0.105,0.9399,0.032,11.825,0.999,0.1741,45339,0.33005,42.21,112.2,200.273,100.9,0.9684,29.4,5.01
2026-08-13 06:38:10,AGV-010,23.216,2.296,23.85,0.9311,180,27.507,5.178,0.408,0.9399,0.0164,11.786,1.466,0.2143,45456,0.43611,46.04,109.9,199.087,104.5,0.9816,30.4,4.7
2026-08-13 06:38:15,AGV-010,23.679,3.204,20.59,0.9311,180,26.256,5.12,0.282,0.9808,0.0,12.93,1.204,0.1807,45564,0.5,43.71,93.9,200.488,101.4,0.9767,29.7,4.7
2026-08-13 06:38:20,AGV-010,23.138,5.728,21.73,0.9311,180,25.0,5.1,-0.572,0.9368,0.0292,11.116,1.495,0.1718,45670,0.0,41.51,90.4,200.589,98.1,0.9714,30.2,5.12
2026-08-13 06:38:25,AGV-010,23.086,3.036,19.59,0.9311,180,23.744,5.12,-0.455,0.9397,0.0,13.153,1.192,0.1918,45783,0.02079,44.06,96.0,199.894,103.3,0.9603,29.9,5.29
2026-08-13 06:38:30,AGV-010,24.797,3.334,28.26,0.9311,180,22.493,5.178,1.052,0.9154,0.0157,12.565,1.197,0.1415,45874,0.5,44.01,106.1,199.779,111.3,0.9613,29.9,4.69
2026-08-13 06:38:35,AGV-010,24.844,3.696,24.01,0.9311,180,21.252,5.275,-0.435,0.9323,0.0285,12.285,1.171,0.1061,45975,0.0,47.72,102.0,198.826,98.7,0.9711,30.5,5.4
2026-08-13 06:38:40,AGV-010,22.553,0.052,22.83,0.9311,180,20.026,5.411,0.046,0.9161,0.0282,11.183,1.256,0.129,46094,0.0,44.2,96.6,199.969,107.0,0.987,29.2,5.36
2026-08-13 06:38:45,AGV-010,23.853,3.461,21.89,0.9311,180,18.82,5.585,-1.244,0.9736,0.0041,9.547,1.21,0.1912,46178,0.5,49.38,108.8,200.329,103.8,0.982,28.9,5.12
2026-08-13 06:38:50,AGV-010,23.461,0.661,22.18,0.9311,180,17.638,5.795,0.674,0.9574,0.0297,11.362,1.065,0.1144,46271,0.0,38.87,102.5,200.181,102.6,0.9766,29.6,5.28
2026-08-13 06:38:55,AGV-010,26.22,3.015,19.8,0.9311,180,16.484,6.042,0.414,0.9661,0.0344,13.158,1.094,0.1458,46378,0.5,46.37,93.0,200.075,102.3,0.9778,30.0,4.84
2026-08-13 06:39:00,AGV-010,21.896,4.615,24.07,0.9311,180,15.365,6.325,0.883,0.9593,0.0272,9.382,1.078,0.1514,46463,0.13321,51.3,83.2,199.283,105.3,0.9474,29.9,4.57
2026-08-13 06:39:05,AGV-010,26.781,2.348,25.68,0.9311,180,14.283,6.641,-0.508,0.9308,0.0182,9.667,1.21,0.1627,46575,0.5,44.59,116.3,200.065,104.4,0.9735,29.6,4.84
2026-08-13 06:39:10,AGV-010,25.153,4.585,27.76,0.9311,180,13.244,6.991,0.629,0.9663,0.0254,11.593,1.215,0.1682,46674,0.42595,44.16,97.6,199.569,107.2,0.9734,30.8,5.36
2026-08-13 06:39:15,AGV-010,21.331,0.383,25.73,0.9311,180,12.252,7.372,-0.502,0.9461,0.0133,10.758,1.21,0.1696,46781,0.02923,43.01,80.8,200.71,112.2,0.9556,30.6,5.38
2026-08-13 06:39:20,AGV-010,23.667,3.388,25.61,0.9311,180,11.309,7.783,0.794,0.9616,0.0314,16.838,1.127,0.2389,46899,0.0,40.63,102.3,200.301,106.4,0.9927,28.7,4.65
2026-08-13 06:39:25,AGV-010,24.99,3.412,26.7,0.9311,180,10.421,8.223,-1.186,0.8954,0.0359,12.378,1.078,0.1731,47016,0.2231,48.18,86.5,200.133,104.0,0.975,29.7,4.64
2026-08-13 06:39:30,AGV-010,23.619,0.0,23.24,0.9311,180,9.59,8.69,0.54,0.9261,0.0164,11.411,1.313,0.1935,47121,0.34319,42.63,110.2,200.02,107.2,0.976,30.2,4.73
2026-08-13 06:39:35,AGV-010,24.115,3.742,20.13,0.9311,180,8.82,9.181,0.038,0.9359,0.0285,13.72,1.219,0.1519,47212,0.05288,47.72,109.7,199.525,104.2,0.9628,30.2,4.42
2026-08-13 06:39:40,AGV-010,27.216,0.0,25.69,0.9311,180,8.113,9.695,0.36,0.9561,0.0309,11.915,1.256,0.2101,47316,0.0,46.17,98.1,199.592,104.9,0.973,29.6,4.82
2026-08-13 06:39:45,AGV-010,23.932,3.226,21.77,0.9311,180,7.474,10.231,0.301,0.9185,0.0184,11.884,1.294,0.1268,47424,0.22467,46.97,91.1,200.956,104.4,0.9719,30.7,5.14
2026-08-13 06:39:50,AGV-010,23.131,3.638,23.41,0.9311,180,6.903,10.785,0.248,0.9955,0.0,14.749,0.994,0.1807,47517,0.5,42.17,103.8,199.552,109.5,0.9896,29.5,4.1
2026-08-13 06:39:55,AGV-010,25.561,2.327,20.99,0.9311,180,6.404,11.356,1.235,0.9753,0.0221,8.888,1.205,0.147,47625,0.42323,46.03,109.7,200.008,109.4,0.98,30.0,4.98
2026-08-13 06:40:00,AGV-010,22.74,3.217,26.67,0.9311,180,5.979,11.941,0.94,0.976,0.0,10.563,1.31,0.1798,47734,0.05041,45.01,99.1,200.05,106.4,0.9724,30.0,5.43
2026-08-13 06:40:05,AGV-010,25.302,6.363,25.88,0.9311,180,5.628,12.538,0.311,0.9787,0.0368,12.807,1.075,0.1667,47834,0.38094,45.57,96.9,200.001,102.7,0.9552,30.1,5.27
2026-08-13 06:40:10,AGV-010,25.158,2.143,19.97,0.9311,180,5.354,13.145,0.128,0.9609,0.0267,10.577,1.085,0.1888,47921,0.5,37.46,94.0,200.089,104.6,0.9578,29.7,5.12
2026-08-13 06:40:15,AGV-010,26.669,1.209,23.91,0.9311,180,5.158,13.759,0.767,0.9274,0.0181,10.559,1.083,0.1654,48027,0.0,46.58,97.2,200.934,107.3,0.9446,30.2,5.03
2026-08-13 06:40:20,AGV-010,24.951,6.027,26.38,0.9311,180,5.039,14.378,0.803,0.9592,0.0301,13.249,1.045,0.1488,48110,0.21277,51.7,98.7,200.071,111.1,0.967,29.6,5.34
2026-08-13 06:40:25,AGV-010,24.162,3.252,23.31,0.9311,180,5.0,15.0,0.084,0.9402,0.0088,10.996,1.256,0.1805,48200,0.25869,41.17,96.0,200.248,98.7,0.9755,30.2,5.15
2026-08-13 06:40:30,AGV-010,24.411,4.695,23.61,0.9311,180,5.039,15.622,0.059,0.9454,0.032,12.563,1.217,0.1256,48314,0.15273,47.84,92.2,199.848,108.7,0.9711,29.7,4.92
2026-08-13 06:40:35,AGV-010,27.049,0.494,26.18,0.9311,180,5.158,16.241,-0.451,0.9671,0.0228,11.63,1.073,0.0971,48394,0.0,44.29,113.2,199.902,110.1,0.9768,30.7,5.28
2026-08-13 06:40:40,AGV-010,24.523,0.0,22.95,0.9311,180,5.354,16.855,0.186,0.9387,0.023,12.535,1.014,0.0844,48494,0.5,41.89,98.0,200.234,110.3,0.9918,29.9,4.59
2026-08-13 06:40:45,AGV-010,24.187,1.623,23.42,0.9311,180,5.628,17.462,0.14,0.9377,0.0163,11.863,1.111,0.2048,48589,0.0,42.89,95.7,200.702,110.6,0.9608,30.1,5.24
2026-08-13 06:40:50,AGV-010,24.368,2.656,25.71,0.9311,180,5.979,18.059,0.521,0.9692,0.0174,13.265,1.304,0.158,48704,0.04544,49.38,101.6,200.644,111.7,0.9608,30.5,5.16
2026-08-13 06:40:55,AGV-010,25.026,2.136,21.0,0.9311,180,6.404,18.644,0.935,0.9336,0.026,13.436,1.079,0.1647,48793,0.01743,45.87,101.9,198.42,108.0,0.9716,30.1,5.06
2026-08-13 06:41:00,AGV-010,23.989,2.133,21.85,0.9311,180,6.903,19.215,0.647,0.9438,0.0112,10.961,1.021,0.1397,48874,0.08715,44.62,99.5,199.161,111.1,0.9547,30.4,5.03
2026-08-13 06:41:05,AGV-010,23.19,0.109,19.16,0.9311,180,7.474,19.769,0.557,0.9483,0.0077,9.586,1.179,0.1598,48973,0.5,40.28,90.9,201.038,103.5,0.9697,29.4,5.5
2026-08-13 06:41:10,AGV-010,23.63,3.247,28.91,0.9311,180,8.113,20.305,-0.084,0.9616,0.0309,11.8,1.071,0.1291,49081,0.19129,46.65,99.9,199.734,107.9,0.9657,30.3,5.32
2026-08-13 06:41:15,AGV-010,23.37,2.521,23.95,0.9311,180,8.82,20.819,-0.174,0.9646,0.0254,11.131,1.361,0.1496,49161,0.5,48.24,101.2,199.808,110.4,0.9575,29.9,5.41
2026-08-13 06:41:20,AGV-010,24.26,0.0,26.4,0.9311,180,9.59,21.31,0.404,0.9367,0.0105,10.933,1.205,0.0962,49246,0.37556,45.91,102.6,199.709,108.0,0.9573,30.4,5.15
2026-08-13 06:41:25,AGV-010,23.7,2.447,20.52,0.9311,180,10.421,21.777,0.32,0.9165,0.0211,9.403,1.152,0.0938,49339,0.5,41.57,102.1,199.347,106.6,0.965,30.2,5.34
2026-08-13 06:41:30,AGV-010,24.229,2.71,26.9,0.9311,180,11.309,22.217,0.38,0.9756,0.0205,11.39,1.154,0.111,49424,0.19678,46.58,101.5,199.613,107.9,0.9633,30.3,5.13
2026-08-13 06:41:35,AGV-010,24.263,4.499,22.87,0.9311,180,12.252,22.628,-0.462,0.905,0.0128,12.064,1.13,0.1247,49521,0.5,50.58,91.4,199.728,112.0,0.9667,30.4,4.96
